,authorid,author,date,content,spam,word_count,char_count,avg_word
1,655867288913969162,bananaabread,08/24/2021 6:47 PM,HELLLO,0,1,6,6.0
4,655867288913969162,bananaabread,08/24/2021 6:47 PM,Si,0,1,2,2.0
6,655867288913969162,bananaabread,08/24/2021 6:48 PM,We got Dunkin‚Äô Donuts,0,4,21,4.5
8,655867288913969162,bananaabread,08/24/2021 6:48 PM,Glazed,0,1,6,6.0
9,655867288913969162,bananaabread,08/24/2021 6:48 PM,I think that‚Äôs how you spell it idk,0,8,35,3.5
11,655867288913969162,bananaabread,08/24/2021 6:49 PM,"Yes, ALSO BUY PERSONA 5 SO WE CAN PKAY IT TOGETHER",0,11,50,3.6363636363636362
12,655867288913969162,bananaabread,08/24/2021 6:49 PM,PLAY,0,1,4,4.0
14,655867288913969162,bananaabread,08/24/2021 6:50 PM,OK,0,1,2,2.0
16,655867288913969162,bananaabread,08/24/2021 6:50 PM,ALSO TELL ME WHEN YOU BUY IT,0,7,28,3.142857142857143
18,655867288913969162,bananaabread,08/24/2021 6:51 PM,üò°üò°üò° or else your crusty,0,5,23,3.8
21,655867288913969162,bananaabread,08/24/2021 6:52 PM,Ok! Also your not a loser üôÑüôÑ,0,7,28,3.142857142857143
23,655867288913969162,bananaabread,08/24/2021 6:52 PM,Your welcome üòã,0,3,14,4.0
24,655867288913969162,bananaabread,08/24/2021 6:53 PM,I‚Äôm going offline now I‚Äôm gonna watch YouTube or something,0,10,58,4.9
25,655867288913969162,bananaabread,08/24/2021 6:53 PM,BYEEEE,0,1,6,6.0
26,655867288913969162,bananaabread,08/24/2021 6:53 PM,ILYYY,0,1,5,5.0
28,655867288913969162,bananaabread,08/28/2021 11:53 PM,BRE,0,1,3,3.0
29,655867288913969162,bananaabread,08/28/2021 11:53 PM,ANNA,0,1,4,4.0
30,655867288913969162,bananaabread,08/28/2021 11:54 PM,BREEEEEEANA,0,1,11,11.0
31,655867288913969162,bananaabread,08/28/2021 11:54 PM,brena,0,1,5,5.0
33,655867288913969162,bananaabread,08/28/2021 11:54 PM,bren,0,1,4,4.0
35,655867288913969162,bananaabread,08/28/2021 11:54 PM,Can we start watching persona 5 tomorrow,0,7,40,4.857142857142857
36,655867288913969162,bananaabread,08/28/2021 11:54 PM,THE GAME NOT THE SHOW,0,5,21,3.4
38,655867288913969162,bananaabread,08/28/2021 11:54 PM,Yayyyyy,0,1,7,7.0
40,655867288913969162,bananaabread,08/28/2021 11:55 PM,No not yet,0,3,10,2.6666666666666665
42,655867288913969162,bananaabread,08/28/2021 11:55 PM,"I don‚Äôt know what time, whenever your free",0,8,42,4.375
43,655867288913969162,bananaabread,08/28/2021 11:56 PM,DECIDE A TIME BRENA ü§¨ü§¨ü§¨ü§¨,0,5,24,4.0
46,655867288913969162,bananaabread,08/28/2021 11:56 PM,Okayyy,0,1,6,6.0
48,655867288913969162,bananaabread,08/28/2021 11:56 PM,We‚Äôre gonna call on discord right,0,6,33,4.666666666666667
50,655867288913969162,bananaabread,08/28/2021 11:56 PM,MK,0,1,2,2.0
52,655867288913969162,bananaabread,08/28/2021 11:57 PM,GOODNIGHT!!,0,1,11,11.0
53,655867288913969162,bananaabread,08/29/2021 6:00 PM,IT IS 6 PM BRENA,0,5,16,2.4
55,655867288913969162,bananaabread,08/29/2021 6:01 PM,ok I‚Äôll be waiting,0,4,18,3.75
63,655867288913969162,bananaabread,09/06/2021 7:10 PM,OK IM READY,0,3,11,3.0
64,655867288913969162,bananaabread,09/06/2021 7:11 PM,WIAT,0,1,4,4.0
66,655867288913969162,bananaabread,09/06/2021 7:11 PM,ok ready,0,2,8,3.5
68,655867288913969162,bananaabread,09/06/2021 7:28 PM,A,0,1,1,1.0
69,655867288913969162,bananaabread,09/06/2021 7:28 PM,B,0,1,1,1.0
70,655867288913969162,bananaabread,09/06/2021 7:28 PM,C,0,1,1,1.0
71,655867288913969162,bananaabread,09/06/2021 7:29 PM,D,0,1,1,1.0
72,655867288913969162,bananaabread,09/06/2021 7:29 PM,E,0,1,1,1.0
73,655867288913969162,bananaabread,09/06/2021 7:29 PM,F,0,1,1,1.0
74,655867288913969162,bananaabread,09/06/2021 7:29 PM,G,0,1,1,1.0
75,655867288913969162,bananaabread,09/06/2021 7:29 PM,H,0,1,1,1.0
76,655867288913969162,bananaabread,09/06/2021 7:29 PM,I,0,1,1,1.0
77,655867288913969162,bananaabread,09/06/2021 7:29 PM,J,0,1,1,1.0
78,655867288913969162,bananaabread,09/06/2021 7:29 PM,K,0,1,1,1.0
79,655867288913969162,bananaabread,09/06/2021 7:29 PM,L,0,1,1,1.0
80,655867288913969162,bananaabread,09/06/2021 7:29 PM,M,0,1,1,1.0
81,655867288913969162,bananaabread,09/06/2021 7:29 PM,N,0,1,1,1.0
82,655867288913969162,bananaabread,09/06/2021 7:29 PM,O,0,1,1,1.0
83,655867288913969162,bananaabread,09/06/2021 7:29 PM,P,0,1,1,1.0
84,655867288913969162,bananaabread,09/06/2021 7:29 PM,Q,0,1,1,1.0
85,655867288913969162,bananaabread,09/06/2021 7:29 PM,R,0,1,1,1.0
86,655867288913969162,bananaabread,09/06/2021 7:29 PM,S,0,1,1,1.0
87,655867288913969162,bananaabread,09/06/2021 7:29 PM,T,0,1,1,1.0
88,655867288913969162,bananaabread,09/06/2021 7:29 PM,U,0,1,1,1.0
89,655867288913969162,bananaabread,09/06/2021 7:29 PM,V,0,1,1,1.0
90,655867288913969162,bananaabread,09/06/2021 7:29 PM,W,0,1,1,1.0
91,655867288913969162,bananaabread,09/06/2021 7:29 PM,X,0,1,1,1.0
92,655867288913969162,bananaabread,09/06/2021 7:30 PM,Y,0,1,1,1.0
93,655867288913969162,bananaabread,09/06/2021 7:30 PM,Z,0,1,1,1.0
95,655867288913969162,bananaabread,09/06/2021 7:36 PM,_ ùîâùîûùîØùî±_,0,2,7,3.0
100,655867288913969162,bananaabread,09/06/2021 8:39 PM,EXPOSED‚Ä¶,0,1,8,8.0
101,655867288913969162,bananaabread,09/06/2021 8:40 PM,YES RYUJI,0,2,9,4.0
102,655867288913969162,bananaabread,09/06/2021 8:40 PM,EXPOSE HIMMMM,0,2,13,6.0
103,655867288913969162,bananaabread,09/06/2021 8:54 PM,EXPOSEDDDAH,0,1,11,11.0
104,655867288913969162,bananaabread,09/11/2021 10:52 PM,Yo status say do not disturb well imma disturb you,0,10,50,4.1
105,655867288913969162,bananaabread,09/11/2021 10:52 PM,HEY,0,1,3,3.0
106,655867288913969162,bananaabread,09/11/2021 10:52 PM,BREANNAAAAA,0,1,11,11.0
107,655867288913969162,bananaabread,09/11/2021 10:53 PM,Answer me or your racist,0,5,24,4.0
110,655867288913969162,bananaabread,09/12/2021 10:24 PM,hello,0,1,5,5.0
111,655867288913969162,bananaabread,09/12/2021 10:24 PM,Brena,0,1,5,5.0
112,655867288913969162,bananaabread,09/12/2021 10:24 PM,GUESS WHAT HAPPEND IN SCHOOL,0,5,28,4.8
114,655867288913969162,bananaabread,09/12/2021 10:24 PM,Ok so y know how people use the same computers in school,0,12,56,3.75
116,655867288913969162,bananaabread,09/12/2021 10:25 PM,So someone forgot to log out of their chromebook,0,9,48,4.444444444444445
117,655867288913969162,bananaabread,09/12/2021 10:25 PM,"And another person used it, went onto the account that wasn‚Äôt logged out",0,13,72,4.615384615384615
118,655867288913969162,bananaabread,09/12/2021 10:25 PM,And said in a Google classroom,0,6,30,4.166666666666667
119,655867288913969162,bananaabread,09/12/2021 10:25 PM,IMMA CUSS OKAY,0,3,14,4.0
120,655867288913969162,bananaabread,09/12/2021 10:26 PM,DONT TELL NOBODY,0,3,16,4.666666666666667
122,655867288913969162,bananaabread,09/12/2021 10:26 PM,they said fuck all you botched in this class,0,9,44,4.0
123,655867288913969162,bananaabread,09/12/2021 10:26 PM,BITCHES,0,1,7,7.0
125,655867288913969162,bananaabread,09/12/2021 10:26 PM,YES,0,1,3,3.0
126,655867288913969162,bananaabread,09/12/2021 10:26 PM,AND IT WASNT ON THEIR ACCOUNT,0,6,29,4.0
128,655867288913969162,bananaabread,09/12/2021 10:26 PM,YES,0,1,3,3.0
131,655867288913969162,bananaabread,09/12/2021 10:27 PM,YES ITS CRAZY,0,3,13,3.6666666666666665
133,655867288913969162,bananaabread,09/12/2021 10:27 PM,My friend told me,0,4,17,3.5
135,655867288913969162,bananaabread,09/12/2021 10:28 PM,YES AND THEN THE TEACHERS STARTED SAYING ‚ÄúMake sure you log out when your done using the computers‚Äù,0,18,99,4.555555555555555
138,655867288913969162,bananaabread,09/12/2021 10:28 PM,ITS KINDA FUNNY THO,0,4,19,4.0
140,655867288913969162,bananaabread,09/12/2021 10:28 PM,Samee,0,1,5,5.0
143,655867288913969162,bananaabread,09/12/2021 10:29 PM,OKAY I HAVE TO GO TO BED IM GONNA GET IN TROUBLE BECAUSE TOMORROWS MONDAY,0,15,73,3.933333333333333
145,655867288913969162,bananaabread,09/12/2021 10:29 PM,GOODNIGHT,0,1,9,9.0
147,655867288913969162,bananaabread,09/12/2021 10:29 PM,ILYT,0,1,4,4.0
149,655867288913969162,bananaabread,09/17/2021 6:18 PM,Do you wanna watch persona üò´üò´üò´,0,6,30,4.166666666666667
151,655867288913969162,bananaabread,09/17/2021 6:19 PM,Okay text me when you ready,0,6,27,3.6666666666666665
153,655867288913969162,bananaabread,09/17/2021 8:14 PM,WHY SO LATE,0,3,11,3.0
155,655867288913969162,bananaabread,09/17/2021 8:14 PM,What were you guys talking about üòÆüòÆüòÆ,0,7,36,4.285714285714286
157,655867288913969162,bananaabread,09/17/2021 8:15 PM,Ooohhhh ok,0,2,10,4.5
158,655867288913969162,bananaabread,09/17/2021 8:15 PM,Do you still wanna watch persona 5,0,7,34,4.0
160,655867288913969162,bananaabread,09/17/2021 8:16 PM,OF COURSE I STILL WANNA WATCH DUH,0,7,33,3.857142857142857
164,655867288913969162,bananaabread,09/17/2021 8:17 PM,Ye that‚Äôs okay,0,3,14,4.0
176,655867288913969162,bananaabread,09/24/2021 8:02 PM,BREANNA,0,1,7,7.0
177,655867288913969162,bananaabread,09/24/2021 8:03 PM,ANSWERRR,0,1,8,8.0
179,655867288913969162,bananaabread,09/24/2021 8:06 PM,Omg you responded,0,3,17,5.0
180,655867288913969162,bananaabread,09/24/2021 8:06 PM,THE 8th GRADERS AT ROOSEVELT BE THROWING HANDS,0,8,46,4.875
181,655867288913969162,bananaabread,09/24/2021 8:07 PM,LOOK,0,1,4,4.0
185,655867288913969162,bananaabread,09/24/2021 8:08 PM,IKR,0,1,3,3.0
188,655867288913969162,bananaabread,09/24/2021 8:08 PM,DO YOU KNOW WHAT A DEVIOUS LICK IS,0,8,34,3.375
190,655867288913969162,bananaabread,09/24/2021 8:09 PM,ITS WHEN PEOPLE STEAL FROM SCHOOL,0,6,33,4.666666666666667
191,655867288913969162,bananaabread,09/24/2021 8:09 PM,SOMEONE DID IT AND GOT CAUGHT,0,6,29,4.0
193,655867288913969162,bananaabread,09/24/2021 8:09 PM,SOAP FROM THE BOYS BATHROOM,0,5,27,4.6
197,655867288913969162,bananaabread,09/24/2021 8:10 PM,LOLLL,0,1,5,5.0
200,655867288913969162,bananaabread,09/24/2021 8:10 PM,YES,0,1,3,3.0
203,655867288913969162,bananaabread,09/24/2021 8:11 PM,LOOK WHAT MY SCIENCE TEACHER GAVE YS,0,7,36,4.285714285714286
204,655867288913969162,bananaabread,09/24/2021 8:11 PM,US,0,1,2,2.0
207,655867288913969162,bananaabread,09/24/2021 8:11 PM,How do you not know what that is üôÑüôÑüôÑ,0,9,36,3.111111111111111
208,655867288913969162,bananaabread,09/24/2021 8:11 PM,Uncultured üôÑüôÑüòíüòí,0,2,15,7.0
211,655867288913969162,bananaabread,09/24/2021 8:12 PM,ITS A POP IT,0,4,12,2.25
213,655867288913969162,bananaabread,09/24/2021 8:13 PM,PH MY GOD DISCORD WONT LET ME SEND VIDEOS,0,9,41,3.6666666666666665
214,655867288913969162,bananaabread,09/24/2021 8:14 PM,IMMA MESSAGE YOU WHAT IT IS,0,6,27,3.6666666666666665
220,655867288913969162,bananaabread,09/24/2021 8:16 PM,Yeah it‚Äôs pretty cool or whateva,0,6,32,4.5
222,655867288913969162,bananaabread,09/24/2021 8:17 PM,"YES, ALSO WHEN CAN WE WATH MORE PERSONA 5",0,9,41,3.6666666666666665
224,655867288913969162,bananaabread,09/24/2021 8:18 PM,WHAT TIME,0,2,9,4.0
226,655867288913969162,bananaabread,09/24/2021 8:18 PM,OK,0,1,2,2.0
227,655867288913969162,bananaabread,09/24/2021 8:19 PM,I‚Äôll be ready brena üòàüòàüòà,0,5,23,3.8
229,655867288913969162,bananaabread,09/24/2021 8:19 PM,LMAOO,0,1,5,5.0
230,655867288913969162,bananaabread,09/24/2021 8:19 PM,Ok banana,0,2,9,4.0
232,655867288913969162,bananaabread,09/26/2021 6:28 PM,6:30 is approaching brena,0,4,25,5.5
235,655867288913969162,bananaabread,09/26/2021 6:30 PM,Ok,0,1,2,2.0
237,655867288913969162,bananaabread,09/26/2021 6:44 PM,So,0,1,2,2.0
238,655867288913969162,bananaabread,09/26/2021 6:44 PM,SI,0,1,2,2.0
241,655867288913969162,bananaabread,10/02/2021 9:11 PM,BREANNA I GOT A C ON MY MATH QUIZ,0,9,33,2.7777777777777777
245,655867288913969162,bananaabread,10/02/2021 9:13 PM,Ok but I‚Äôm scaredddd üò≠üò≠,0,5,23,3.8
247,655867288913969162,bananaabread,10/02/2021 9:13 PM,IT WAS,0,2,6,2.5
249,655867288913969162,bananaabread,10/02/2021 9:13 PM,BECAUSE DADS GONNA FIND OUT,0,5,27,4.6
251,655867288913969162,bananaabread,10/02/2021 9:15 PM,Aww ok,0,2,6,2.5
256,655867288913969162,bananaabread,10/02/2021 9:15 PM,OK I WILL,0,3,9,2.3333333333333335
258,655867288913969162,bananaabread,10/02/2021 9:15 PM,Noo it‚Äôs ok,0,3,11,3.0
260,655867288913969162,bananaabread,10/02/2021 9:16 PM,BECAUSE HER CASE FOR HER INSTRUMENT LOOKS LIKE A SUITCASE,0,10,57,4.8
262,655867288913969162,bananaabread,10/02/2021 9:19 PM,AWWW THANK YOU,0,3,14,4.0
263,655867288913969162,bananaabread,10/02/2021 9:19 PM,ILY,0,1,3,3.0
264,655867288913969162,bananaabread,10/02/2021 9:19 PM,üíóüíóüíó,0,1,3,3.0
266,655867288913969162,bananaabread,10/03/2021 12:53 AM,NOT DANIELLE GETTING A F TOO,0,6,28,3.8333333333333335
267,655867288913969162,bananaabread,10/03/2021 12:53 AM,I HOPE SHE LETS US RETAKE IT BECAUSE WE ALL DID BAD,0,12,51,3.3333333333333335
269,655867288913969162,bananaabread,10/03/2021 12:54 AM,YESH,0,1,4,4.0
271,655867288913969162,bananaabread,10/03/2021 12:55 AM,SHES OK BUT EVERYTHING SHE SAYS GOES IN ONE EAR OUT THE OTHER,0,13,61,3.769230769230769
273,655867288913969162,bananaabread,10/03/2021 12:56 AM,YEAHH BUT THEN AGAIN SHE LETS US PLAY KAHOOT SOOO,0,10,49,4.0
276,655867288913969162,bananaabread,10/03/2021 12:57 AM,Yea,0,1,3,3.0
278,655867288913969162,bananaabread,10/03/2021 12:57 AM,Thank you I believe that you can succeed in your classes too,0,12,60,4.083333333333333
280,655867288913969162,bananaabread,10/03/2021 12:58 AM,GOODNIGHTT,0,1,10,10.0
281,655867288913969162,bananaabread,10/09/2021 2:05 AM,What would you do if when you ok so he said yes would go,0,14,56,3.0714285714285716
283,655867288913969162,bananaabread,10/10/2021 7:24 PM,"Dear sister, what art thee losing thy mind about",0,9,48,4.444444444444445
284,655867288913969162,bananaabread,10/10/2021 7:29 PM,Answer mine discord message distemperate blinking idiot,0,7,55,7.0
286,655867288913969162,bananaabread,10/10/2021 7:30 PM,Thee Maury crusty and dusty be it,0,7,33,3.857142857142857
287,655867288913969162,bananaabread,10/10/2021 7:30 PM,I MEANT TO TYPE MUSTY,0,5,21,3.4
290,655867288913969162,bananaabread,10/10/2021 7:31 PM,Don‚Äôt you already have a job,0,6,28,3.8333333333333335
293,655867288913969162,bananaabread,10/10/2021 7:32 PM,Idk,0,1,3,3.0
295,655867288913969162,bananaabread,10/10/2021 7:33 PM,"Don‚Äôt be stresseth sister, when thee receiveth home thee can play smasheth bros and not hast to worry about jobs",0,20,112,4.65
299,655867288913969162,bananaabread,10/10/2021 7:33 PM,Grindeth,0,1,8,8.0
301,655867288913969162,bananaabread,10/10/2021 7:34 PM,I loveth thee too,0,4,17,3.5
303,655867288913969162,bananaabread,10/10/2021 7:34 PM,üíóüíóüíó,0,1,3,3.0
304,655867288913969162,bananaabread,10/11/2021 3:01 PM,THERE WAS A FIGHT ON MY FRIENDS BUS AND THE PERSON RECORDING ACTUALLY DID GOOD,0,15,78,4.266666666666667
305,655867288913969162,bananaabread,10/11/2021 3:02 PM,OH MY GOD THE WAY THE BYS DRIVER HAD TO SEPARATE THEM,0,12,53,3.5
308,655867288913969162,bananaabread,10/11/2021 3:02 PM,LMAOOO,0,1,6,6.0
310,655867288913969162,bananaabread,10/11/2021 3:02 PM,THIS WAS LIKE FRIDAY BUT I JUST GOT THE VIDEO,0,10,45,3.6
313,655867288913969162,bananaabread,10/11/2021 3:03 PM,SAME,0,1,4,4.0
316,655867288913969162,bananaabread,10/11/2021 3:03 PM,YW,0,1,2,2.0
317,655867288913969162,bananaabread,10/15/2021 10:57 AM,Hello,0,1,5,5.0
319,655867288913969162,bananaabread,10/21/2021 6:38 PM,Can we watch persona 5 this weekend pls pls pls,0,10,47,3.8
320,655867288913969162,bananaabread,10/21/2021 6:47 PM,WHY DO YOU TAKE SO LONG TO RESPOND GIRLIE,0,9,41,3.6666666666666665
322,655867288913969162,bananaabread,10/21/2021 8:10 PM,YAYYYYY,0,1,7,7.0
324,655867288913969162,bananaabread,10/23/2021 6:01 PM,YES,0,1,3,3.0
325,655867288913969162,bananaabread,10/23/2021 6:01 PM,WAIT WHAT TIME,0,3,14,4.0
327,655867288913969162,bananaabread,10/23/2021 6:02 PM,I‚Äôm always free üò´,0,4,17,3.5
329,655867288913969162,bananaabread,10/23/2021 6:02 PM,Nope,0,1,4,4.0
332,655867288913969162,bananaabread,10/23/2021 6:03 PM,OKK,0,1,3,3.0
333,655867288913969162,bananaabread,10/24/2021 7:29 PM,IT IS,0,2,5,2.0
334,655867288913969162,bananaabread,10/24/2021 7:29 PM,7:29,0,1,4,4.0
335,655867288913969162,bananaabread,10/24/2021 7:30 PM,Where are you brenaaaaa,0,4,23,5.0
336,655867288913969162,bananaabread,10/24/2021 7:32 PM,Where art thou,0,3,14,4.0
337,655867288913969162,bananaabread,10/24/2021 7:32 PM,BRENA,0,1,5,5.0
340,655867288913969162,bananaabread,10/24/2021 7:33 PM,Moms also on the phone with Kenisha and yk how load she talks on the phone soooo,0,17,80,3.764705882352941
343,655867288913969162,bananaabread,10/24/2021 7:37 PM,TURN YOUR CAPTIONS OFF GOOFY,0,5,28,4.8
345,655867288913969162,bananaabread,10/24/2021 7:39 PM,You‚Äôre*,0,1,7,7.0
346,655867288913969162,bananaabread,10/24/2021 7:39 PM,Talk to me when you can type correctly üôÑ,0,9,40,3.5555555555555554
348,655867288913969162,bananaabread,10/24/2021 7:42 PM,IF YOUR TALKING TO ME YOU GOTTA SPEAK UP,0,9,40,3.5555555555555554
351,655867288913969162,bananaabread,10/24/2021 7:43 PM,YES BUT ITS VERY QUIET,0,5,22,3.6
352,655867288913969162,bananaabread,10/24/2021 7:43 PM,TURN YOUR MICROPHONE VOLUME UP,0,5,30,5.2
356,655867288913969162,bananaabread,10/24/2021 7:44 PM,Then get new headphones üôÑ,0,5,25,4.2
357,655867288913969162,bananaabread,10/24/2021 7:44 PM,I CANT HERE YOU,0,4,15,3.0
361,655867288913969162,bananaabread,10/24/2021 7:55 PM,This was Joker leaving the rest of the group to talk to that Pinocchio nose guy,0,16,79,4.0
362,655867288913969162,bananaabread,10/24/2021 8:03 PM,üíØüíØüíØüíØüíØüíØüíØüíØüíØüíØüíØüíØüíØüíØüíØüíØüíØüíØüíØüíØüíØüíØüíØüíØüíØüíØüíØüíØüíØüíØüíØüíØüíØüíØüíØüíØüíØüíØüíØüíØ,0,1,40,40.0
363,655867288913969162,bananaabread,10/24/2021 8:04 PM,Lettuce fight,0,2,13,6.0
364,655867288913969162,bananaabread,10/24/2021 8:10 PM,PAUSE,0,1,5,5.0
365,655867288913969162,bananaabread,10/24/2021 8:10 PM,THE,0,1,3,3.0
366,655867288913969162,bananaabread,10/24/2021 8:10 PM,VID,0,1,3,3.0
367,655867288913969162,bananaabread,10/24/2021 8:10 PM,I HAVE SOMETHING VERY IMPORTANT TO ASK YOU,0,8,42,4.375
368,655867288913969162,bananaabread,10/24/2021 8:19 PM,Guess if Im on computer or phone rn,0,8,35,3.5
370,655867288913969162,bananaabread,10/24/2021 8:19 PM,WRONG.,0,1,6,6.0
372,655867288913969162,bananaabread,10/24/2021 8:19 PM,yesss,0,1,5,5.0
374,655867288913969162,bananaabread,10/24/2021 8:20 PM,I CAN SWITCH FROM COMPUTER TO PHONE WHENEVER,0,8,44,4.625
377,655867288913969162,bananaabread,10/24/2021 8:20 PM,You will never know what the truth is,0,8,37,3.75
380,655867288913969162,bananaabread,10/24/2021 8:20 PM,amogus,0,1,6,6.0
382,655867288913969162,bananaabread,10/24/2021 8:26 PM,HIIII,0,1,5,5.0
384,655867288913969162,bananaabread,10/24/2021 8:27 PM,Byeee ü•≠,0,2,7,3.0
386,655867288913969162,bananaabread,10/24/2021 8:27 PM,üçßI want to eat this emoji,0,6,25,3.3333333333333335
387,655867288913969162,bananaabread,10/24/2021 8:29 PM,WHERES KAMOSHIDA,0,2,16,7.5
388,655867288913969162,bananaabread,10/24/2021 8:29 PM,WHERE IS HE HIDING,0,4,18,3.75
392,655867288913969162,bananaabread,10/24/2021 8:29 PM,Which one idk,0,3,13,3.6666666666666665
394,655867288913969162,bananaabread,10/24/2021 8:30 PM,NO??,0,1,4,4.0
397,655867288913969162,bananaabread,10/24/2021 8:30 PM,I CAN MAKE NOELLE KILL PEOPLE,0,6,29,4.0
398,655867288913969162,bananaabread,10/24/2021 8:30 PM,WHAT,0,1,4,4.0
401,655867288913969162,bananaabread,10/24/2021 8:30 PM,Wait imma search that up on my 999k dollar computer,0,10,51,4.2
403,655867288913969162,bananaabread,10/24/2021 8:32 PM,Oh mi Lordy lord,0,4,16,3.25
404,655867288913969162,bananaabread,10/24/2021 8:32 PM,IM GONNA TRY TO GET THAT ROUTE,0,7,30,3.4285714285714284
406,655867288913969162,bananaabread,10/24/2021 8:32 PM,I can pass through it I‚Äôm pro,0,7,29,3.2857142857142856
408,655867288913969162,bananaabread,10/24/2021 8:33 PM,DO YOU WANT ME TO CALL YOU WHILE I TRY TO DI THE ROUTE,0,14,54,2.9285714285714284
409,655867288913969162,bananaabread,10/24/2021 8:33 PM,DO*,0,1,3,3.0
411,655867288913969162,bananaabread,10/24/2021 8:34 PM,OKOK WE CAN DO IT WHEN YOUR FREE,0,8,32,3.125
413,655867288913969162,bananaabread,10/24/2021 8:35 PM,Okurr,0,1,5,5.0
414,655867288913969162,bananaabread,10/24/2021 8:35 PM,OKURRR I WILL,0,3,13,3.6666666666666665
416,655867288913969162,bananaabread,10/24/2021 8:38 PM,SLAVES???,0,1,9,9.0
418,655867288913969162,bananaabread,10/24/2021 8:38 PM,racially motivated,0,2,18,8.5
422,655867288913969162,bananaabread,10/24/2021 8:38 PM,RIGHT,0,1,5,5.0
423,655867288913969162,bananaabread,10/24/2021 8:38 PM,DOWN WITH KAMOSHIDA,0,3,19,5.666666666666667
425,655867288913969162,bananaabread,10/24/2021 8:38 PM,DOWN WITH KAMOSHIDA,0,3,19,5.666666666666667
426,655867288913969162,bananaabread,10/24/2021 8:38 PM,DOWN WITH KAMOSHIDA,0,3,19,5.666666666666667
427,655867288913969162,bananaabread,10/24/2021 8:38 PM,DOWN WITH KAMOSHIDA,0,3,19,5.666666666666667
429,655867288913969162,bananaabread,10/24/2021 8:45 PM,Gasp,0,1,4,4.0
431,655867288913969162,bananaabread,10/24/2021 8:46 PM,OOP,0,1,3,3.0
432,655867288913969162,bananaabread,10/24/2021 8:46 PM,IS HE SUMMONING A DEMON,0,5,23,3.8
435,655867288913969162,bananaabread,10/24/2021 8:46 PM,they should take the candles and burn the whole room down,0,11,57,4.2727272727272725
437,655867288913969162,bananaabread,10/24/2021 8:47 PM,JUST RUN OUT OF THE ROOM,0,6,24,3.1666666666666665
438,655867288913969162,bananaabread,10/24/2021 8:47 PM,IF YOU GET CAUGHT ON FIRE DROP AND ROLL,0,9,39,3.4444444444444446
442,655867288913969162,bananaabread,11/03/2021 6:41 PM,Yes I am doing very well,0,6,24,3.1666666666666665
444,655867288913969162,bananaabread,11/06/2021 5:45 PM,would you drink yoshi fart milk,0,6,31,4.333333333333333
446,655867288913969162,bananaabread,11/07/2021 10:48 PM,SLAYED üòçüòçüòç,0,2,10,4.5
447,655867288913969162,bananaabread,11/07/2021 10:48 PM,I got arrested after this,0,5,25,4.2
449,655867288913969162,bananaabread,11/07/2021 10:53 PM,YES,0,1,3,3.0
452,655867288913969162,bananaabread,11/07/2021 10:54 PM,I AINT NEVER GOING TO THERAPY,0,6,29,4.0
455,655867288913969162,bananaabread,11/20/2021 9:45 PM,I love you tooo,0,4,15,3.0
457,655867288913969162,bananaabread,12/10/2021 3:41 PM,IT IS SO SO SO SO GOOD HUT ITS ALSO RLLY HARD,0,12,45,2.8333333333333335
458,655867288913969162,bananaabread,12/10/2021 3:41 PM,BUT*,0,1,4,4.0
459,655867288913969162,bananaabread,12/10/2021 3:41 PM,AND I KEEP DYING,0,4,16,3.25
461,655867288913969162,bananaabread,12/14/2021 6:36 PM,BREANNA.,0,1,8,8.0
463,655867288913969162,bananaabread,12/14/2021 6:37 PM,IIIII HAVE ACHIEVED VICTORY,0,4,27,6.0
465,655867288913969162,bananaabread,12/14/2021 6:37 PM,THANK YOU,0,2,9,4.0
468,655867288913969162,bananaabread,02/25/2022 8:14 AM,Breanaaaaaaa,0,1,12,12.0
469,655867288913969162,bananaabread,02/25/2022 8:14 AM,Im good,0,2,7,3.0
471,655867288913969162,bananaabread,04/19/2022 2:49 PM,Brena,0,1,5,5.0
474,655867288913969162,bananaabread,04/19/2022 2:51 PM,This is u,0,3,9,2.3333333333333335
475,655867288913969162,bananaabread,04/19/2022 2:52 PM,BRENA WATCH THE VIDEO,0,4,21,4.5
478,655867288913969162,bananaabread,04/19/2022 2:53 PM,NOTHING,0,1,7,7.0
479,655867288913969162,bananaabread,04/19/2022 2:53 PM,IT JSUT REMINDED ME OF U,0,6,24,3.1666666666666665
483,655867288913969162,bananaabread,04/19/2022 2:53 PM,Si,0,1,2,2.0
484,655867288913969162,bananaabread,04/19/2022 2:53 PM,I‚Äôm having fun,0,3,14,4.0
486,655867288913969162,bananaabread,04/19/2022 2:54 PM,I went climbing in dunns river falls,0,7,36,4.285714285714286
487,655867288913969162,bananaabread,04/19/2022 2:54 PM,And I ate food,0,4,14,2.75
488,655867288913969162,bananaabread,04/19/2022 2:54 PM,And I went to the beach,0,6,23,3.0
490,655867288913969162,bananaabread,04/19/2022 2:54 PM,Yeah,0,1,4,4.0
493,655867288913969162,bananaabread,04/19/2022 2:55 PM,I was staying in a resort but I‚Äôm leaving to go to auntie Jackie‚Äôs house today,0,16,78,3.9375
494,655867288913969162,bananaabread,04/19/2022 2:56 PM,With Cassidy,0,2,12,5.5
499,655867288913969162,bananaabread,04/19/2022 2:56 PM,Yeah,0,1,4,4.0
500,655867288913969162,bananaabread,04/19/2022 2:56 PM,ITS VERY LOUD,0,3,13,3.6666666666666665
503,655867288913969162,bananaabread,04/19/2022 2:56 PM,I CANT BRENA,0,3,12,3.3333333333333335
505,655867288913969162,bananaabread,04/19/2022 2:57 PM,we‚Äôre leaving because auntie Susie was here too and she‚Äôs leaving TODAY so mom doesn‚Äôt want to be alone,0,19,103,4.473684210526316
506,655867288913969162,bananaabread,04/19/2022 2:57 PM,SO SHES MAKING ME LEAVE,0,5,23,3.8
507,655867288913969162,bananaabread,04/19/2022 2:57 PM,AND GO THE AUNTIE JACKIES,0,5,25,4.2
509,655867288913969162,bananaabread,04/19/2022 2:58 PM,YEAH,0,1,4,4.0
512,655867288913969162,bananaabread,04/19/2022 2:58 PM,I can go outside,0,4,16,3.25
514,655867288913969162,bananaabread,04/19/2022 2:58 PM,But outsides hot,0,3,16,4.666666666666667
515,655867288913969162,bananaabread,04/19/2022 2:58 PM,BRENA ITS NOT EWWW,0,4,18,3.75
517,655867288913969162,bananaabread,04/19/2022 2:58 PM,YOURE GROSS,0,2,11,5.0
520,655867288913969162,bananaabread,04/19/2022 2:59 PM,thank you brena,0,3,15,4.333333333333333
523,655867288913969162,bananaabread,04/20/2022 3:06 PM,Hi brena,0,2,8,3.5
526,655867288913969162,bananaabread,04/20/2022 3:06 PM,Yeah,0,1,4,4.0
528,655867288913969162,bananaabread,04/20/2022 3:06 PM,No,0,1,2,2.0
530,655867288913969162,bananaabread,04/20/2022 3:07 PM,Yeah brena,0,2,10,4.5
532,655867288913969162,bananaabread,04/20/2022 3:07 PM,I‚Äôm living life,0,3,15,4.333333333333333
533,655867288913969162,bananaabread,04/20/2022 3:07 PM,So yes,0,2,6,2.5
534,655867288913969162,bananaabread,04/20/2022 3:07 PM,I am having fun,0,4,15,3.0
536,655867288913969162,bananaabread,04/20/2022 3:07 PM,NO ITS NOT,0,3,10,2.6666666666666665
538,655867288913969162,bananaabread,04/20/2022 3:08 PM,Brena,0,1,5,5.0
540,655867288913969162,bananaabread,04/20/2022 3:08 PM,I HAVENT DONE ANYTHING BUT SHOWER AND EAT BRENA,0,9,47,4.333333333333333
542,655867288913969162,bananaabread,04/20/2022 3:09 PM,and the fan in the room im in isnt helping the heat,0,12,51,3.3333333333333335
544,655867288913969162,bananaabread,04/20/2022 3:09 PM,Yeah,0,1,4,4.0
549,655867288913969162,bananaabread,04/20/2022 3:09 PM,Yeah she‚Äôs cool and she‚Äôs 14,0,6,28,3.8333333333333335
552,655867288913969162,bananaabread,04/20/2022 3:10 PM,Yeah,0,1,4,4.0
554,655867288913969162,bananaabread,04/20/2022 3:10 PM,Idk,0,1,3,3.0
557,655867288913969162,bananaabread,04/20/2022 3:10 PM,yeah,0,1,4,4.0
559,655867288913969162,bananaabread,04/20/2022 3:10 PM,IVE SAID YEAH SO MANY TIMES BRENA,0,7,33,3.857142857142857
561,655867288913969162,bananaabread,04/20/2022 3:11 PM,YEAH HER COOKINGS GOOD,0,4,22,4.75
563,655867288913969162,bananaabread,04/20/2022 3:11 PM,naur,0,1,4,4.0
565,655867288913969162,bananaabread,04/20/2022 3:11 PM,ARE YOU A GOVERNMENT AGENT OR SOMETHING,0,7,39,4.714285714285714
566,655867288913969162,bananaabread,04/20/2022 3:11 PM,WHY YOU SAKING SO MUCH,0,5,22,3.6
568,655867288913969162,bananaabread,04/20/2022 3:11 PM,AKING,0,1,5,5.0
569,655867288913969162,bananaabread,04/20/2022 3:11 PM,ASKING,0,1,6,6.0
573,655867288913969162,bananaabread,04/20/2022 3:12 PM,These are questions you don‚Äôt even need the answer to though üôÑ,0,12,62,4.25
574,655867288913969162,bananaabread,04/20/2022 3:12 PM,Go to sleep,0,3,11,3.0
577,655867288913969162,bananaabread,04/20/2022 3:12 PM,You‚Äôre 3:12 pm,0,3,14,4.0
582,655867288913969162,bananaabread,04/20/2022 3:13 PM,Ok brena,0,2,8,3.5
583,655867288913969162,bananaabread,04/20/2022 3:13 PM,Have a amazing amazing day,0,5,26,4.4
588,655867288913969162,bananaabread,04/27/2022 10:11 PM,HOW DID YOU REMEMBER THE DATE,0,6,29,4.0
589,655867288913969162,bananaabread,04/27/2022 10:11 PM,THANK YOU BRENA,0,3,15,4.333333333333333
592,655867288913969162,bananaabread,04/27/2022 10:11 PM,YEAH BUT THAT WAS LONG AGO,0,6,26,3.5
595,655867288913969162,bananaabread,04/28/2022 10:13 PM,Hello brena,0,2,11,5.0
596,655867288913969162,bananaabread,04/28/2022 10:13 PM,IT WAS SO FUN,0,4,13,2.5
599,655867288913969162,bananaabread,04/28/2022 10:14 PM,Yes they enjoyed,0,3,16,4.666666666666667
603,655867288913969162,bananaabread,04/28/2022 10:15 PM,I HOPE SO TOO,0,4,13,2.5
604,655867288913969162,bananaabread,04/28/2022 10:15 PM,GN,0,1,2,2.0
606,655867288913969162,bananaabread,04/29/2022 9:33 PM,BREANNA I SLAYED THE PLAY TODAY,0,6,31,4.333333333333333
609,655867288913969162,bananaabread,04/29/2022 9:39 PM,I DID ALL MY LINES AND I SANG THE SONG  GOOD AND IT WAS RLLY RLLY FUN,0,18,69,3.0588235294117645
612,655867288913969162,bananaabread,04/29/2022 9:39 PM,SHE HAD A DUET WITH DOROTHY,0,6,27,3.6666666666666665
615,655867288913969162,bananaabread,04/29/2022 9:40 PM,ITS CALLED OVER THE RAINBOW REPRISE,0,6,35,5.0
616,655867288913969162,bananaabread,04/29/2022 9:40 PM,I THINK,0,2,7,3.0
619,655867288913969162,bananaabread,04/29/2022 9:40 PM,SHHH,0,1,4,4.0
621,655867288913969162,bananaabread,04/29/2022 9:41 PM,YES ITS CALLED OVER THE RAINBOW REPRISE https://m.youtube.com/watch?v=-peLkbSgO4A,0,8,81,9.25
623,655867288913969162,bananaabread,04/29/2022 9:41 PM,üòåüëå,0,1,2,2.0
625,655867288913969162,bananaabread,04/29/2022 9:41 PM,Yessir,0,1,6,6.0
626,655867288913969162,bananaabread,04/29/2022 9:42 PM,Their recording it tomorrow too,0,5,31,5.4
628,655867288913969162,bananaabread,04/29/2022 9:42 PM,YOU CAN BUY A I THING,0,6,21,2.6666666666666665
629,655867288913969162,bananaabread,04/29/2022 9:42 PM,A DVD,0,2,5,2.0
633,655867288913969162,bananaabread,04/29/2022 9:42 PM,OH,0,1,2,2.0
636,655867288913969162,bananaabread,04/29/2022 9:42 PM,I WILL BRENA,0,3,12,3.3333333333333335
639,655867288913969162,bananaabread,04/29/2022 9:42 PM,GN üíû,0,2,4,1.5
641,655867288913969162,bananaabread,04/30/2022 10:12 PM,IT WAS GOOD,0,3,11,3.0
642,655867288913969162,bananaabread,04/30/2022 10:12 PM,Not as good as Friday though,0,6,28,3.8333333333333335
643,655867288913969162,bananaabread,04/30/2022 10:12 PM,That was the best show,0,5,22,3.6
644,655867288913969162,bananaabread,04/30/2022 10:12 PM,In mi opinion,0,3,13,3.6666666666666665
646,655867288913969162,bananaabread,04/30/2022 10:44 PM,FRIDAYS NUMBER 1 THURSDAYS NUMBER 2 AND TODAYS NUMBER 3,0,10,55,4.6
647,655867288913969162,bananaabread,04/30/2022 10:44 PM,IDK TODAY JUST DIDDNT GIVE OFF THAT VIBE,0,8,40,4.125
648,655867288913969162,bananaabread,04/30/2022 10:46 PM,Say goodbye to my emoji pfp,0,6,27,3.6666666666666665
649,655867288913969162,bananaabread,04/30/2022 10:46 PM,I‚Äôm changing it to mr wolf from the bad guys,0,10,44,3.5
650,655867288913969162,bananaabread,04/30/2022 10:46 PM,Cuz I love him,0,4,14,2.75
654,655867288913969162,bananaabread,04/30/2022 10:53 PM,I WILLL,0,2,7,3.0
655,655867288913969162,bananaabread,04/30/2022 10:53 PM,THIS YEAR WAS SO FUN,0,5,20,3.2
658,655867288913969162,bananaabread,04/30/2022 10:55 PM,OH YEAH,0,2,7,3.0
659,655867288913969162,bananaabread,04/30/2022 10:55 PM,I WILL,0,2,6,2.5
663,655867288913969162,bananaabread,05/19/2022 7:05 PM,Dad and I already bought it and my teachers gonna send the show to his email,0,16,76,3.8125
664,655867288913969162,bananaabread,05/19/2022 7:05 PM,but she didnt do it yet,0,6,23,3.0
665,655867288913969162,bananaabread,05/19/2022 7:05 PM,when dad gets the recording he'll send it to you brena,0,11,54,4.0
668,655867288913969162,bananaabread,06/10/2022 4:36 PM,Naur I just like edric,0,5,22,3.6
670,655867288913969162,bananaabread,06/18/2022 5:58 PM,Are you ready,0,3,13,3.6666666666666665
672,655867288913969162,bananaabread,06/18/2022 5:59 PM,ONE MINUTE IS NOTHING ARE YOU READY OR NOT,0,9,42,3.7777777777777777
674,655867288913969162,bananaabread,06/18/2022 6:00 PM,call me,0,2,7,3.0
678,655867288913969162,bananaabread,06/26/2022 3:16 PM,Yo mama,0,2,7,3.0
680,655867288913969162,bananaabread,06/30/2022 8:58 PM,heyy ummm idk what happened or if its really you but it was your name and the same avatar and you sent a girl erm *\*\*\* stuff like what the fuck? https://discord.gg/CUq2pg3EzB check #shame and youll see. anyways until you explain what happened im blocking you. sorry if this is a misunderstanding but i do not wanna take risks with having creeps on my friendslist.,1,65,366,4.6461538461538465
682,655867288913969162,bananaabread,07/03/2022 3:48 PM,YES BRENA,0,2,9,4.0
683,655867288913969162,bananaabread,07/03/2022 3:48 PM,I‚Äôm offended,0,2,12,5.5
687,655867288913969162,bananaabread,07/03/2022 3:48 PM,SHH ü§´,0,2,5,2.0
690,655867288913969162,bananaabread,07/17/2022 6:16 PM,BRENA,0,1,5,5.0
692,655867288913969162,bananaabread,07/17/2022 6:16 PM,home,0,1,4,4.0
694,655867288913969162,bananaabread,07/17/2022 6:16 PM,idk,0,1,3,3.0
697,655867288913969162,bananaabread,07/17/2022 6:17 PM,do you want me to ask,0,6,21,2.6666666666666665
699,655867288913969162,bananaabread,07/17/2022 6:17 PM,yes,0,1,3,3.0
704,655867288913969162,bananaabread,07/17/2022 6:18 PM,THEYRE IN THE KITCHEN,0,4,21,4.5
708,655867288913969162,bananaabread,07/20/2022 3:05 PM,BRENA,0,1,5,5.0
711,655867288913969162,bananaabread,07/20/2022 3:05 PM,UM,0,1,2,2.0
712,655867288913969162,bananaabread,07/20/2022 3:05 PM,UM,0,1,2,2.0
713,655867288913969162,bananaabread,07/20/2022 3:05 PM,UM,0,1,2,2.0
714,655867288913969162,bananaabread,07/20/2022 3:05 PM,idk which one,0,3,13,3.6666666666666665
716,655867288913969162,bananaabread,07/20/2022 3:05 PM,I DO,0,2,4,1.5
717,655867288913969162,bananaabread,07/20/2022 3:05 PM,BUT IDK WHICH ONE,0,4,17,3.5
721,655867288913969162,bananaabread,07/20/2022 3:06 PM,This takes so much brain power,0,6,30,4.166666666666667
724,655867288913969162,bananaabread,07/20/2022 3:06 PM,si,0,1,2,2.0
726,655867288913969162,bananaabread,07/20/2022 3:07 PM,so,0,1,2,2.0
727,655867288913969162,bananaabread,07/20/2022 3:07 PM,si,0,1,2,2.0
729,655867288913969162,bananaabread,07/20/2022 3:07 PM,naur,0,1,4,4.0
732,655867288913969162,bananaabread,07/20/2022 3:07 PM,I LIKE ALL,0,3,10,2.6666666666666665
737,655867288913969162,bananaabread,07/20/2022 3:09 PM,think harder,0,2,12,5.5
739,655867288913969162,bananaabread,07/20/2022 3:10 PM,OMG,0,1,3,3.0
740,655867288913969162,bananaabread,07/20/2022 3:10 PM,WE SHOULD WATCH THAT ONE,0,5,24,4.0
741,655867288913969162,bananaabread,07/20/2022 3:10 PM,THING,0,1,5,5.0
743,655867288913969162,bananaabread,07/20/2022 3:10 PM,WITH THE LIKE,0,3,13,3.6666666666666665
744,655867288913969162,bananaabread,07/20/2022 3:10 PM,WHITE HAIRED GUY,0,3,16,4.666666666666667
746,655867288913969162,bananaabread,07/20/2022 3:10 PM,WITH THE THING,0,3,14,4.0
748,655867288913969162,bananaabread,07/20/2022 3:10 PM,AND HIS NAME IS GOJO,0,5,20,3.2
749,655867288913969162,bananaabread,07/20/2022 3:10 PM,AND THE THING,0,3,13,3.6666666666666665
751,655867288913969162,bananaabread,07/20/2022 3:10 PM,YES THAT,0,2,8,3.5
754,655867288913969162,bananaabread,07/20/2022 3:11 PM,Nope,0,1,4,4.0
757,655867288913969162,bananaabread,07/20/2022 3:11 PM,Im free 24/7,0,3,12,3.3333333333333335
759,655867288913969162,bananaabread,07/20/2022 3:12 PM,si,0,1,2,2.0
761,655867288913969162,bananaabread,07/20/2022 3:14 PM,I forgot you had a job,0,6,22,2.8333333333333335
763,655867288913969162,bananaabread,07/20/2022 3:14 PM,OK LETS DO IT TODAY,0,5,19,3.0
765,655867288913969162,bananaabread,07/20/2022 3:15 PM,I will be waiting brena,0,5,23,3.8
767,655867288913969162,bananaabread,07/20/2022 6:29 PM,are you ready brena,0,4,19,4.0
769,655867288913969162,bananaabread,07/20/2022 6:31 PM,OK WAIT LIKE 5 SECONDS,0,5,22,3.6
771,655867288913969162,bananaabread,07/20/2022 6:32 PM,OK READY,0,2,8,3.5
775,655867288913969162,bananaabread,07/21/2022 3:51 PM,YES,0,1,3,3.0
777,655867288913969162,bananaabread,07/21/2022 4:29 PM,4:35 BRENA,0,2,10,4.5
778,655867288913969162,bananaabread,07/21/2022 4:29 PM,GIMME 5 MINUTES,0,3,15,4.333333333333333
780,655867288913969162,bananaabread,07/21/2022 4:33 PM,ok I lied im ready,0,5,18,2.8
784,655867288913969162,bananaabread,07/23/2022 8:34 PM,CAN WE WATCH AT LIKE 9,0,6,22,2.8333333333333335
786,655867288913969162,bananaabread,07/23/2022 9:04 PM,OK,0,1,2,2.0
787,655867288913969162,bananaabread,07/23/2022 9:04 PM,WAIT,0,1,4,4.0
789,655867288913969162,bananaabread,07/23/2022 9:05 PM,IM READY,0,2,8,3.5
790,655867288913969162,bananaabread,07/23/2022 9:05 PM,CALL RN,0,2,7,3.0
793,655867288913969162,bananaabread,07/29/2022 7:44 PM,hola,0,1,4,4.0
795,655867288913969162,bananaabread,07/29/2022 7:44 PM,naur,0,1,4,4.0
797,655867288913969162,bananaabread,07/29/2022 7:44 PM,YES,0,1,3,3.0
809,655867288913969162,bananaabread,08/02/2022 9:08 PM,Brena,0,1,5,5.0
810,655867288913969162,bananaabread,08/02/2022 9:08 PM,stop panic,0,2,10,4.5
811,655867288913969162,bananaabread,08/02/2022 9:08 PM,start disco,0,2,11,5.0
814,655867288913969162,bananaabread,08/02/2022 9:08 PM,KEEP TRYING,0,2,11,5.0
816,655867288913969162,bananaabread,08/08/2022 11:05 PM,hii,0,1,3,3.0
817,655867288913969162,bananaabread,08/08/2022 11:07 PM,hiiiiiii,0,1,8,8.0
818,655867288913969162,bananaabread,08/08/2022 11:08 PM,hiiiiiiiii,0,1,10,10.0
821,655867288913969162,bananaabread,08/09/2022 12:21 AM,Bros in a minecraft house,0,5,25,4.2
822,655867288913969162,bananaabread,08/09/2022 12:28 AM,ketchup and mustard are fighting ü§î,0,6,34,4.833333333333333
823,655867288913969162,bananaabread,08/09/2022 8:35 PM,Brenaa,0,1,6,6.0
824,655867288913969162,bananaabread,08/09/2022 8:35 PM,If I called you would you pick up,0,8,33,3.25
825,655867288913969162,bananaabread,08/09/2022 8:39 PM,I see you online dont try to hide from me ü§®ü§®ü§®,0,11,45,3.1818181818181817
829,655867288913969162,bananaabread,08/09/2022 9:04 PM,WHO TOUGHT YOU HOW TO WALK,0,6,26,3.5
831,655867288913969162,bananaabread,08/09/2022 9:07 PM,STOP,0,1,4,4.0
833,655867288913969162,bananaabread,08/09/2022 9:10 PM,When you get home can I call,0,7,28,3.142857142857143
838,655867288913969162,bananaabread,08/09/2022 9:22 PM,Bye you don‚Äôt know how to spell either,0,8,38,3.875
841,655867288913969162,bananaabread,08/09/2022 9:46 PM,bruh,0,1,4,4.0
842,655867288913969162,bananaabread,08/09/2022 9:48 PM,sis is talking to air,0,5,21,3.4
843,655867288913969162,bananaabread,08/09/2022 9:56 PM,WHO SITS LIKE THAT,0,4,18,3.75
846,655867288913969162,bananaabread,08/09/2022 11:02 PM,"YES, I AM KAI ü§ñ",0,5,15,2.2
847,655867288913969162,bananaabread,08/09/2022 11:03 PM,BYEE HES LITTERALY IN SHACKLES,0,5,30,5.2
848,655867288913969162,bananaabread,08/10/2022 9:38 PM,DO YOU HAVE TO DECIDE WHAT YOU DO IN COLLEGE IN 8TH GRADE,0,13,57,3.4615384615384617
849,655867288913969162,bananaabread,08/10/2022 9:39 PM,ANSWER,0,1,6,6.0
851,655867288913969162,bananaabread,08/10/2022 9:39 PM,EXACTLY MY FRIENDS SAYING DUMB THINGS,0,6,37,5.333333333333333
855,655867288913969162,bananaabread,08/10/2022 10:24 PM,Boy get off the discord cal,0,6,27,3.6666666666666665
856,655867288913969162,bananaabread,08/10/2022 10:24 PM,Call,0,1,4,4.0
858,655867288913969162,bananaabread,08/18/2022 9:22 PM,hiiiiiiii,0,1,9,9.0
859,655867288913969162,bananaabread,08/18/2022 9:22 PM,sits like a 50 year old man,0,7,27,3.0
860,655867288913969162,bananaabread,08/18/2022 9:23 PM,he needs to fix that posture,0,6,28,3.8333333333333335
861,655867288913969162,bananaabread,08/18/2022 9:25 PM,hiiiiiii,0,1,8,8.0
862,655867288913969162,bananaabread,08/18/2022 9:25 PM,hiiiiiiiiiiiiii,0,1,15,15.0
864,655867288913969162,bananaabread,08/18/2022 9:32 PM,BYE WHAT ARE THESE CARD ROLES,0,6,29,4.0
865,655867288913969162,bananaabread,08/18/2022 9:33 PM,Im taking out beanie and hufflepuff,0,6,35,5.0
866,655867288913969162,bananaabread,08/18/2022 9:35 PM,seeing everyone sad makes me sad,0,6,32,4.5
867,655867288913969162,bananaabread,08/18/2022 9:35 PM,We should all gang up on miley and jumpher,0,9,42,3.7777777777777777
869,655867288913969162,bananaabread,08/18/2022 9:59 PM,IM ASTONISHED,0,2,13,6.0
870,655867288913969162,bananaabread,08/18/2022 10:02 PM,Im so smart this is just mixed up cuz were a high school student not a murderer,0,17,79,3.7058823529411766
871,655867288913969162,bananaabread,08/18/2022 10:02 PM,someones trying to finesse us,0,5,29,5.0
872,655867288913969162,bananaabread,08/18/2022 10:21 PM,COME BACK,0,2,9,4.0
873,655867288913969162,bananaabread,08/18/2022 10:29 PM,GASLIGHTER,0,1,10,10.0
875,655867288913969162,bananaabread,08/18/2022 10:29 PM,WHAT,0,1,4,4.0
876,655867288913969162,bananaabread,08/18/2022 10:29 PM,IM,0,1,2,2.0
877,655867288913969162,bananaabread,08/18/2022 10:29 PM,WHAT,0,1,4,4.0
878,655867288913969162,bananaabread,08/18/2022 10:44 PM,hes crazy goodbye,0,3,17,5.0
879,655867288913969162,bananaabread,08/18/2022 11:26 PM,AWWEWEWEE,0,1,9,9.0
880,655867288913969162,bananaabread,08/18/2022 11:28 PM,Its giving 5 star hotel,0,5,23,3.8
881,655867288913969162,bananaabread,08/18/2022 11:37 PM,hiiiiiiiiiiii,0,1,13,13.0
885,655867288913969162,bananaabread,08/19/2022 12:11 AM,bruh,0,1,4,4.0
887,655867288913969162,bananaabread,08/19/2022 8:02 PM,bre,0,1,3,3.0
889,655867288913969162,bananaabread,08/19/2022 8:03 PM,I wuv you too ‚ù§Ô∏è,0,5,16,2.4
891,655867288913969162,bananaabread,08/19/2022 8:03 PM,I am,0,2,4,1.5
893,655867288913969162,bananaabread,08/21/2022 9:18 PM,PICK UP THE PHONE,0,4,17,3.5
894,655867288913969162,bananaabread,08/21/2022 9:19 PM,BRENA,0,1,5,5.0
895,655867288913969162,bananaabread,08/21/2022 9:19 PM,BRENAAAAAAAAAAAA,0,1,16,16.0
898,655867288913969162,bananaabread,08/21/2022 9:31 PM,thats all i have to say,0,6,23,3.0
899,655867288913969162,bananaabread,08/21/2022 9:47 PM,NOOOOOOO,0,1,8,8.0
900,655867288913969162,bananaabread,08/21/2022 9:48 PM,Who even is beanie man without a beanie üòî,0,9,41,3.6666666666666665
903,655867288913969162,bananaabread,08/21/2022 10:40 PM,LMLAMAMMALMLAMALMA,0,1,18,18.0
904,655867288913969162,bananaabread,08/21/2022 10:52 PM,WHAT IS THIS,0,3,12,3.3333333333333335
905,655867288913969162,bananaabread,08/21/2022 11:13 PM,ITS SO SMALL,0,3,12,3.3333333333333335
906,655867288913969162,bananaabread,08/21/2022 11:15 PM,this looks like that one place in soul,0,8,38,3.875
907,655867288913969162,bananaabread,08/21/2022 11:24 PM,hiiiiiiii,0,1,9,9.0
909,655867288913969162,bananaabread,08/21/2022 11:24 PM,you dont deserve a hi,0,5,21,3.4
910,655867288913969162,bananaabread,08/21/2022 11:24 PM,byeeeeeee,0,1,9,9.0
912,655867288913969162,bananaabread,08/21/2022 11:25 PM,U(UOUUUOUOU,0,1,11,11.0
913,655867288913969162,bananaabread,08/21/2022 11:25 PM,KHHHKKHSHSV,0,1,11,11.0
918,655867288913969162,bananaabread,08/21/2022 11:30 PM,here,0,1,4,4.0
919,655867288913969162,bananaabread,08/22/2022 9:27 PM,CHECK YOUR PHONE,0,3,16,4.666666666666667
920,655867288913969162,bananaabread,08/22/2022 9:34 PM,Wow papi said you have to take me places thats crazy,0,11,52,3.8181818181818183
925,655867288913969162,bananaabread,09/05/2022 2:33 PM,CAN I GET RID OF THIS,0,6,21,2.6666666666666665
928,655867288913969162,bananaabread,09/06/2022 4:58 PM,HAPPY BORTHDAYAYYA,0,2,18,8.5
932,655867288913969162,bananaabread,09/06/2022 4:59 PM,It‚Äôs was uneventful ü•±,0,4,21,4.5
936,655867288913969162,bananaabread,09/06/2022 4:59 PM,Yeah but they all act nice on the first day and then they switch up,0,15,67,3.533333333333333
939,655867288913969162,bananaabread,09/06/2022 5:00 PM,No more Ms patel,0,4,16,3.25
941,655867288913969162,bananaabread,09/06/2022 5:00 PM,Thank you üéâ,0,3,11,3.0
944,655867288913969162,bananaabread,09/11/2022 12:53 PM,hola,0,1,4,4.0
946,655867288913969162,bananaabread,09/11/2022 12:54 PM,WAIT,0,1,4,4.0
950,655867288913969162,bananaabread,09/11/2022 1:03 PM,do you have an idea,0,5,19,3.0
951,655867288913969162,bananaabread,09/11/2022 1:04 PM,DO YOU HAVE AN IDEA,0,5,19,3.0
954,655867288913969162,bananaabread,09/11/2022 1:08 PM,wowwwww,0,1,7,7.0
959,655867288913969162,bananaabread,09/11/2022 1:12 PM,Queen Elizabeth isnt real,0,4,25,5.5
961,655867288913969162,bananaabread,09/11/2022 1:13 PM,yo mama,0,2,7,3.0
964,655867288913969162,bananaabread,09/11/2022 3:28 PM,si,0,1,2,2.0
966,655867288913969162,bananaabread,09/11/2022 3:29 PM,CALL ME ON THE PHONE,0,5,20,3.2
968,655867288913969162,bananaabread,09/11/2022 3:29 PM,not you being slow,0,4,18,3.75
969,655867288913969162,bananaabread,09/11/2022 3:30 PM,CALL EM,0,2,7,3.0
970,655867288913969162,bananaabread,09/11/2022 3:30 PM,ME,0,1,2,2.0
976,655867288913969162,bananaabread,09/14/2022 7:09 PM,BRENA,0,1,5,5.0
978,655867288913969162,bananaabread,09/14/2022 7:09 PM,Have you ever been to a pep rally,0,8,33,3.25
980,655867288913969162,bananaabread,09/14/2022 7:09 PM,Is it fun,0,3,9,2.3333333333333335
983,655867288913969162,bananaabread,09/14/2022 7:11 PM,Thank you for your your input,0,6,29,4.0
984,655867288913969162,bananaabread,09/14/2022 7:11 PM,STOP,0,1,4,4.0
985,655867288913969162,bananaabread,09/14/2022 7:11 PM,thank you for your input,0,5,24,4.0
988,655867288913969162,bananaabread,09/14/2022 7:11 PM,STOP,0,1,4,4.0
989,655867288913969162,bananaabread,09/14/2022 7:11 PM,idek,0,1,4,4.0
994,655867288913969162,bananaabread,09/14/2022 7:11 PM,IDK,0,1,3,3.0
998,655867288913969162,bananaabread,09/14/2022 7:12 PM,üòôüòô,0,1,2,2.0
1000,655867288913969162,bananaabread,09/14/2022 10:54 PM,No üòíüòí,0,2,5,2.0
1002,655867288913969162,bananaabread,09/22/2022 9:12 PM,No habla ingles,0,3,15,4.333333333333333
1003,655867288913969162,bananaabread,09/22/2022 9:13 PM,el hombre del saco est√° detr√°s de ti,0,8,36,3.625
1004,655867288913969162,bananaabread,09/22/2022 9:29 PM,Respond,0,1,7,7.0
1005,655867288913969162,bananaabread,09/22/2022 9:29 PM,Responder,0,1,9,9.0
1006,655867288913969162,bananaabread,09/22/2022 9:29 PM,no habla ingles,0,3,15,4.333333333333333
1007,655867288913969162,bananaabread,09/22/2022 9:33 PM,Por que,0,2,7,3.0
1008,655867288913969162,bananaabread,09/22/2022 9:33 PM,Por que,0,2,7,3.0
1009,655867288913969162,bananaabread,09/22/2022 9:33 PM,Por que,0,2,7,3.0
1015,655867288913969162,bananaabread,09/22/2022 9:45 PM,¬øSab√≠as que amo a Dazai?,0,5,24,4.0
1016,655867288913969162,bananaabread,09/22/2022 9:45 PM,Te amo,0,2,6,2.5
1017,655867288913969162,bananaabread,09/22/2022 9:47 PM,Sentimiento: aburrida üòêüòêüòîüòî,0,3,26,8.0
1019,655867288913969162,bananaabread,09/22/2022 9:50 PM,I‚Äôm gonna record silence then listen to it when it‚Äôs noisy,0,11,58,4.363636363636363
1021,655867288913969162,bananaabread,10/12/2022 9:39 PM,brena,0,1,5,5.0
1024,655867288913969162,bananaabread,10/12/2022 9:40 PM,I‚Äôm gonna tickle your booty,0,5,27,4.6
1027,655867288913969162,bananaabread,10/12/2022 9:41 PM,NO,0,1,2,2.0
1028,655867288913969162,bananaabread,10/12/2022 9:41 PM,NO EXPLANATION NEEDED,0,3,21,6.333333333333333
1031,655867288913969162,bananaabread,10/12/2022 9:41 PM,call me,0,2,7,3.0
1032,655867288913969162,bananaabread,10/12/2022 9:41 PM,ACTUALLY,0,1,8,8.0
1033,655867288913969162,bananaabread,10/12/2022 9:41 PM,HMMMM,0,1,5,5.0
1034,655867288913969162,bananaabread,10/12/2022 9:42 PM,HMMMMMM,0,1,7,7.0
1035,655867288913969162,bananaabread,10/12/2022 9:42 PM,Ok call me brena,0,4,16,3.25
1037,655867288913969162,bananaabread,10/12/2022 9:42 PM,NEOW,0,1,4,4.0
1040,655867288913969162,bananaabread,10/12/2022 10:40 PM,THIS,0,1,4,4.0
1048,655867288913969162,bananaabread,10/15/2022 7:10 PM,Brena,0,1,5,5.0
1049,655867288913969162,bananaabread,10/15/2022 7:10 PM,BRENA,0,1,5,5.0
1050,655867288913969162,bananaabread,10/15/2022 7:11 PM,BR√ãNA,0,1,5,5.0
1051,655867288913969162,bananaabread,10/15/2022 7:12 PM,Brena come I have to tell you something really really important,0,11,63,4.818181818181818
1052,655867288913969162,bananaabread,10/15/2022 7:12 PM,@breanna,0,1,8,8.0
1053,655867288913969162,bananaabread,10/15/2022 7:12 PM,@breanna,0,1,8,8.0
1056,655867288913969162,bananaabread,10/15/2022 7:17 PM,HI,0,1,2,2.0
1058,655867288913969162,bananaabread,10/15/2022 7:17 PM,Ok,0,1,2,2.0
1059,655867288913969162,bananaabread,10/15/2022 7:17 PM,Brena,0,1,5,5.0
1061,655867288913969162,bananaabread,10/15/2022 7:18 PM,I have to tell you something extremely devastating,0,8,50,5.375
1062,655867288913969162,bananaabread,10/15/2022 7:18 PM,Promise not to cry,0,4,18,3.75
1064,655867288913969162,bananaabread,10/15/2022 7:18 PM,Yes u can,0,3,9,2.3333333333333335
1066,655867288913969162,bananaabread,10/15/2022 7:18 PM,üòè,0,1,1,1.0
1067,655867288913969162,bananaabread,10/15/2022 7:18 PM,BRENA PROMISE,0,2,13,6.0
1071,655867288913969162,bananaabread,10/15/2022 7:19 PM,you know my king sized Kit Kat that I was waiting for the perfect moment to eat,0,17,79,3.7058823529411766
1074,655867288913969162,bananaabread,10/15/2022 7:19 PM,Kayla ate it üò≠üò≠üòêüòê,0,4,17,3.5
1077,655867288913969162,bananaabread,10/15/2022 7:20 PM,BRENA,0,1,5,5.0
1079,655867288913969162,bananaabread,10/15/2022 7:20 PM,IM SO SAD,0,3,9,2.3333333333333335
1083,655867288913969162,bananaabread,10/15/2022 7:20 PM,SHE DIDNT EVEN LEAVE ME A PEICE,0,7,31,3.5714285714285716
1084,655867288913969162,bananaabread,10/15/2022 7:20 PM,AND SHE SAID I WASNT GONNA EAT IT ANYWAY,0,9,40,3.5555555555555554
1087,655867288913969162,bananaabread,10/15/2022 7:20 PM,MAYBE,0,1,5,5.0
1092,655867288913969162,bananaabread,10/15/2022 7:21 PM,SHESALAL,0,1,8,8.0
1093,655867288913969162,bananaabread,10/15/2022 7:21 PM,ALALLALAGEHE,0,1,12,12.0
1101,655867288913969162,bananaabread,10/15/2022 7:21 PM,thank you üòîüòî,0,3,12,3.3333333333333335
1102,655867288913969162,bananaabread,10/15/2022 7:21 PM,Rip,0,1,3,3.0
1106,655867288913969162,bananaabread,10/18/2022 6:38 PM,Brennaa,0,1,7,7.0
1107,655867288913969162,bananaabread,10/18/2022 6:38 PM,Ik I‚Äôm right,0,3,12,3.3333333333333335
1108,655867288913969162,bananaabread,10/18/2022 6:38 PM,Let me call you,0,4,15,3.0
1109,655867288913969162,bananaabread,10/18/2022 6:38 PM,Let you call me,0,4,15,3.0
1111,655867288913969162,bananaabread,10/18/2022 6:38 PM,Call me,0,2,7,3.0
1113,655867288913969162,bananaabread,10/25/2022 7:59 PM,Hola nino,0,2,9,4.0
1115,655867288913969162,bananaabread,10/25/2022 7:59 PM,WEYM ENGLISH,0,2,12,5.5
1117,655867288913969162,bananaabread,10/25/2022 8:00 PM,ITS IN ENGLISH,0,3,14,4.0
1119,655867288913969162,bananaabread,10/25/2022 8:00 PM,OH MI GOD,0,3,9,2.3333333333333335
1120,655867288913969162,bananaabread,10/25/2022 8:00 PM,NO I DIDNT WATCH IT IN ENGLISH,0,7,30,3.4285714285714284
1123,655867288913969162,bananaabread,10/25/2022 8:05 PM,BOY ITS NOT EVEN THERE,0,5,22,3.6
1124,655867288913969162,bananaabread,10/25/2022 8:05 PM,SEND LINK,0,2,9,4.0
1127,655867288913969162,bananaabread,10/25/2022 8:06 PM,IM SCARED,0,2,9,4.0
1129,655867288913969162,bananaabread,10/25/2022 8:07 PM,IDK,0,1,3,3.0
1130,655867288913969162,bananaabread,10/25/2022 8:07 PM,OK SHUSH,0,2,8,3.5
1132,655867288913969162,bananaabread,10/25/2022 8:08 PM,STOP,0,1,4,4.0
1133,655867288913969162,bananaabread,10/25/2022 8:08 PM,OK,0,1,2,2.0
1134,655867288913969162,bananaabread,10/25/2022 8:08 PM,HE SOUNDS NORMAL IG,0,4,19,4.0
1137,655867288913969162,bananaabread,11/05/2022 11:46 PM,WHAT,0,1,4,4.0
1138,655867288913969162,bananaabread,11/05/2022 11:53 PM,WHAT POSTER,0,2,11,5.0
1139,655867288913969162,bananaabread,11/05/2022 11:53 PM,WAKE UP,0,2,7,3.0
1141,655867288913969162,bananaabread,11/05/2022 11:59 PM,WHAT POSTER,0,2,11,5.0
1144,655867288913969162,bananaabread,11/06/2022 12:00 AM,HELLO WHERE DO YOU GET THOSE,0,6,28,3.8333333333333335
1147,655867288913969162,bananaabread,11/06/2022 12:01 AM,I FORGOT ABOUT THAT,0,4,19,4.0
1150,655867288913969162,bananaabread,11/06/2022 12:01 AM,I WANT THEM,0,3,11,3.0
1152,655867288913969162,bananaabread,11/06/2022 12:02 AM,WDYM AM I SURE,0,4,14,2.75
1154,655867288913969162,bananaabread,11/06/2022 12:02 AM,YES,0,1,3,3.0
1157,655867288913969162,bananaabread,11/06/2022 12:03 AM,Yes if you don‚Äôt remember you have to make pasta everyday when you come here,0,15,76,4.133333333333334
1161,655867288913969162,bananaabread,12/02/2022 3:01 PM,YES,0,1,3,3.0
1162,655867288913969162,bananaabread,12/02/2022 3:01 PM,and we need to practice for drama,0,7,33,3.857142857142857
1165,655867288913969162,bananaabread,12/02/2022 3:01 PM,Boy I‚Äôm free all weekend,0,5,24,4.0
1168,655867288913969162,bananaabread,12/02/2022 3:02 PM,I HAVE A LIFE,0,4,13,2.5
1170,655867288913969162,bananaabread,12/02/2022 3:02 PM,Him,0,1,3,3.0
1171,655867288913969162,bananaabread,12/02/2022 3:02 PM,He,0,1,2,2.0
1174,655867288913969162,bananaabread,12/02/2022 3:02 PM,YES,0,1,3,3.0
1176,655867288913969162,bananaabread,12/02/2022 3:02 PM,CUZ HE IS,0,3,9,2.3333333333333335
1181,655867288913969162,bananaabread,12/02/2022 3:03 PM,okurr,0,1,5,5.0
1183,655867288913969162,bananaabread,12/02/2022 3:03 PM,Thank you,0,2,9,4.0
1185,655867288913969162,bananaabread,12/02/2022 3:03 PM,I worked really hard for it,0,6,27,3.6666666666666665
1187,655867288913969162,bananaabread,12/02/2022 3:07 PM,It was,0,2,6,2.5
1195,655867288913969162,bananaabread,12/03/2022 8:44 PM,Him to me on our anniversary,0,6,28,3.8333333333333335
1196,655867288913969162,bananaabread,12/03/2022 8:45 PM,Rizz,0,1,4,4.0
1225,655867288913969162,bananaabread,12/09/2022 3:01 PM,Mid evil times,0,3,14,4.0
1228,655867288913969162,bananaabread,12/09/2022 3:03 PM,CAN WE CALL TODAY,0,4,17,3.5
1231,655867288913969162,bananaabread,12/09/2022 3:04 PM,OK,0,1,2,2.0
1232,655867288913969162,bananaabread,12/09/2022 8:51 PM,GO,0,1,2,2.0
1233,655867288913969162,bananaabread,12/09/2022 8:51 PM,GI,0,1,2,2.0
1234,655867288913969162,bananaabread,12/09/2022 8:51 PM,GO,0,1,2,2.0
1244,655867288913969162,bananaabread,12/17/2022 1:25 PM,Lowkey wanna be malificent,0,4,26,5.75
1245,655867288913969162,bananaabread,12/17/2022 1:25 PM,IM REPLACING SOMEONE ON MY CHARCATER THING FOR MALEIFICANT,0,9,58,5.555555555555555
1249,655867288913969162,bananaabread,12/17/2022 1:38 PM,I CHANGED IT BECAUSE I REALIZED I HAD POTENTIAL,0,9,47,4.333333333333333
1250,655867288913969162,bananaabread,12/17/2022 1:38 PM,IDK WHO,0,2,7,3.0
1251,655867288913969162,bananaabread,12/17/2022 1:38 PM,PROBABLY FAIRY GODMOTHERS DAUGHTER,0,4,34,7.75
1252,655867288913969162,bananaabread,12/17/2022 1:39 PM,I HAVE 2 DAYS,0,4,13,2.5
1255,655867288913969162,bananaabread,12/17/2022 1:40 PM,YES,0,1,3,3.0
1257,655867288913969162,bananaabread,12/17/2022 1:40 PM,IDK,0,1,3,3.0
1260,655867288913969162,bananaabread,12/17/2022 1:40 PM,OK,0,1,2,2.0
1262,655867288913969162,bananaabread,12/17/2022 1:41 PM,WHAT,0,1,4,4.0
1264,655867288913969162,bananaabread,12/17/2022 1:41 PM,üòî,0,1,1,1.0
1266,655867288913969162,bananaabread,12/17/2022 1:41 PM,üòò,0,1,1,1.0
1269,655867288913969162,bananaabread,12/17/2022 5:16 PM,Traitor,0,1,7,7.0
1271,655867288913969162,bananaabread,12/17/2022 5:22 PM,tell him im lowk hungry,0,5,23,3.8
1273,655867288913969162,bananaabread,12/17/2022 5:34 PM,Cutely waits for phonecall,0,4,26,5.75
1277,655867288913969162,bananaabread,12/17/2022 5:35 PM,Acting like you cant call and pee at the same time,0,11,50,3.6363636363636362
1278,655867288913969162,bananaabread,12/17/2022 5:36 PM,GO PEE,0,2,6,2.5
1284,655867288913969162,bananaabread,12/19/2022 4:58 PM,WAKE UPP,0,2,8,3.5
1292,655867288913969162,bananaabread,12/26/2022 11:11 PM,ARE YOU ACTUALLY PLAYING,0,4,24,5.25
1294,655867288913969162,bananaabread,12/26/2022 11:12 PM,CALL,0,1,4,4.0
1296,655867288913969162,bananaabread,12/26/2022 11:12 PM,PHONE,0,1,5,5.0
1302,655867288913969162,bananaabread,12/27/2022 4:08 PM,Yes,0,1,3,3.0
1314,655867288913969162,bananaabread,01/05/2023 6:41 PM,AY,0,1,2,2.0
1315,655867288913969162,bananaabread,01/05/2023 6:41 PM,STOP PLAYING THAT CAT GAME,0,5,26,4.4
1318,655867288913969162,bananaabread,01/05/2023 6:59 PM,WHAT YOU DIDNT EVEN GIVE ME A CHANCE TO RESPOND,0,10,47,3.8
1321,655867288913969162,bananaabread,01/05/2023 9:49 PM,Brena,0,1,5,5.0
1323,655867288913969162,bananaabread,01/05/2023 9:49 PM,Yes,0,1,3,3.0
1324,655867288913969162,bananaabread,01/05/2023 9:49 PM,My legs are vibrating,0,4,21,4.5
1327,655867288913969162,bananaabread,01/05/2023 9:49 PM,Idk brena,0,2,9,4.0
1330,655867288913969162,bananaabread,01/05/2023 9:50 PM,thank you I‚Äôll tell them you said that,0,8,38,3.875
1333,655867288913969162,bananaabread,01/05/2023 9:50 PM,Uhhh yeah,0,2,9,4.0
1335,655867288913969162,bananaabread,01/05/2023 9:50 PM,We‚Äôre going to a hotel,0,5,22,3.6
1338,655867288913969162,bananaabread,01/05/2023 9:51 PM,NO ONE TOLD ME ANYTHING EITHER üòîüòî,0,7,33,3.857142857142857
1340,655867288913969162,bananaabread,01/05/2023 9:51 PM,HEARTBROKEN,0,1,11,11.0
1341,655867288913969162,bananaabread,01/05/2023 9:51 PM,I JUST GOT TOLD YESTERDAY BY MOM,0,7,32,3.7142857142857144
1344,655867288913969162,bananaabread,01/05/2023 9:52 PM,They said because it‚Äôs closer to the house and dad wants to check that the worker guys closed the garage and locked the door and they also said it‚Äôs cuz you don‚Äôt want us there üò§,0,36,178,3.9722222222222223
1345,655867288913969162,bananaabread,01/05/2023 9:53 PM,But dad said that next weekend he‚Äôs forcing you to come here,0,12,60,4.083333333333333
1346,655867288913969162,bananaabread,01/05/2023 9:53 PM,L,0,1,1,1.0
1348,655867288913969162,bananaabread,01/05/2023 9:53 PM,AY THATS WHAT THEY SAID NOT ME,0,7,30,3.4285714285714284
1350,655867288913969162,bananaabread,01/05/2023 9:53 PM,DO IT FOR ME,0,4,12,2.25
1352,655867288913969162,bananaabread,01/05/2023 9:54 PM,BRENA YOU HAVE TO,0,4,17,3.5
1355,655867288913969162,bananaabread,01/05/2023 9:54 PM,IN LIKE A WEEK ITS BASICALLY DONE TRUST,0,8,39,4.0
1358,655867288913969162,bananaabread,01/05/2023 9:54 PM,FOR YOUR FAMILY,0,3,15,4.333333333333333
1363,655867288913969162,bananaabread,01/05/2023 9:55 PM,IM ONLY IN SCHOOL UNTIL 3,0,6,25,3.3333333333333335
1364,655867288913969162,bananaabread,01/05/2023 9:55 PM,YOUR ASLEEP UNTIL THEN,0,4,22,4.75
1365,655867288913969162,bananaabread,01/05/2023 9:55 PM,SO WDYM,0,2,7,3.0
1368,655867288913969162,bananaabread,01/05/2023 9:56 PM,WELL BE TOGETHER,0,3,16,4.666666666666667
1369,655867288913969162,bananaabread,01/05/2023 9:56 PM,SCREW HOMEWORK,0,2,14,6.5
1373,655867288913969162,bananaabread,01/05/2023 9:57 PM,I KNOW,0,2,6,2.5
1374,655867288913969162,bananaabread,01/05/2023 9:57 PM,ITS OKAY,0,2,8,3.5
1377,655867288913969162,bananaabread,01/05/2023 9:58 PM,Bye brena you won‚Äôt hear from me again I‚Äôm officially leaving I‚Äôm officially done until you decide you‚Äôre coming over here I can not talk to you it hurts my heart too much,0,33,171,4.212121212121212
1379,655867288913969162,bananaabread,01/05/2023 9:58 PM,üòîüòîüòîüòîüò≠üò≠üò≠üò≠üò≠üòîüòîüòîüòîüòîüòîüíîüíîüíîüíîüíîüíî,0,1,21,21.0
1399,655867288913969162,bananaabread,01/20/2023 9:26 PM,brena,0,1,5,5.0
1401,655867288913969162,bananaabread,01/20/2023 9:26 PM,WHY,0,1,3,3.0
1404,655867288913969162,bananaabread,01/20/2023 9:26 PM,I WILL,0,2,6,2.5
1405,655867288913969162,bananaabread,01/20/2023 9:26 PM,CALL,0,1,4,4.0
1428,655867288913969162,bananaabread,02/03/2023 10:05 PM,Yw,0,1,2,2.0
1430,655867288913969162,bananaabread,02/04/2023 5:15 PM,Did you like,0,3,12,3.3333333333333335
1431,655867288913969162,bananaabread,02/04/2023 5:15 PM,ü§®,0,1,1,1.0
1434,655867288913969162,bananaabread,02/04/2023 5:15 PM,Yw üòè,0,2,4,1.5
1436,655867288913969162,bananaabread,02/05/2023 10:30 PM,No one understands me,0,4,21,4.5
1446,655867288913969162,bananaabread,02/25/2023 1:52 PM,I went back to my roots,0,6,23,3.0
1447,655867288913969162,bananaabread,02/25/2023 1:53 PM,I couldnt hold it in anymore,0,6,28,3.8333333333333335
1449,655867288913969162,bananaabread,02/25/2023 5:29 PM,Thank you,0,2,9,4.0
1450,655867288913969162,bananaabread,02/25/2023 5:29 PM,Youre my only supporter,0,4,23,5.0
1451,655867288913969162,bananaabread,02/25/2023 5:29 PM,Everyone else is agianst me,0,5,27,4.6
1455,655867288913969162,bananaabread,03/01/2023 8:05 PM,Whatd I do,0,3,10,2.6666666666666665
1458,655867288913969162,bananaabread,03/05/2023 8:45 PM,Hi,0,1,2,2.0
1460,655867288913969162,bananaabread,03/05/2023 8:45 PM,üò¨üò¨üò¨,0,1,3,3.0
1462,655867288913969162,bananaabread,03/05/2023 8:47 PM,"Hehe...yeah.... sory , i didnt See you there .",0,9,46,4.222222222222222
1464,655867288913969162,bananaabread,03/05/2023 8:48 PM,NO,0,1,2,2.0
1469,655867288913969162,bananaabread,03/26/2023 11:08 PM,Hi,0,1,2,2.0
1474,655867288913969162,bananaabread,03/26/2023 11:09 PM,Np üòò,0,2,4,1.5
1475,655867288913969162,bananaabread,03/30/2023 8:48 PM,Hi,0,1,2,2.0
1478,655867288913969162,bananaabread,03/31/2023 7:04 PM,üòò,0,1,1,1.0
1480,655867288913969162,bananaabread,04/10/2023 1:48 AM,NO,0,1,2,2.0
1484,655867288913969162,bananaabread,04/18/2023 10:22 PM,He can slam me into a wall anyday,0,8,33,3.25
1485,655867288913969162,bananaabread,04/18/2023 10:25 PM,I used to be so baby,0,6,20,2.5
1487,655867288913969162,bananaabread,04/18/2023 10:33 PM,GIRL WILL YOU,0,3,13,3.6666666666666665
1488,655867288913969162,bananaabread,04/18/2023 10:33 PM,WILL YOU BE MY AMONG ME,0,6,23,3.0
1489,655867288913969162,bananaabread,04/18/2023 10:33 PM,TAHHAHAH,0,1,8,8.0
1490,655867288913969162,bananaabread,04/18/2023 10:33 PM,RUHUHUHHUHAA,0,1,12,12.0
1493,655867288913969162,bananaabread,04/18/2023 10:47 PM,im going to lock him in my basement with no escape and tie him ti a chair and drain all the juices out of him then proceed to cut him up and throw him into a blender and drink his pathetic remains,0,42,196,3.6904761904761907
1494,655867288913969162,bananaabread,04/18/2023 10:51 PM,https://www.tiktok.com/t/ZTRTJs3hp/ me and him fr,0,5,49,9.0
1495,655867288913969162,bananaabread,04/20/2023 11:29 PM,https://youtu.be/JGt6eFQnidc help I‚Äôm making fun of kids again,0,8,62,6.875
1496,655867288913969162,bananaabread,04/20/2023 11:30 PM,THIS MALIFENG IM BETTER THAN,0,5,28,4.8
1497,655867288913969162,bananaabread,04/20/2023 11:30 PM,She sound dry,0,3,13,3.6666666666666665
1501,655867288913969162,bananaabread,04/24/2023 9:33 PM,Hi,0,1,2,2.0
1503,655867288913969162,bananaabread,04/24/2023 10:04 PM,I was looking for a goofy photo to send you but somehow ended up scrolling through my Dazai pins on pinterest,0,21,109,4.238095238095238
1506,655867288913969162,bananaabread,04/24/2023 10:05 PM,LMAKAK,0,1,6,6.0
1508,655867288913969162,bananaabread,04/24/2023 10:05 PM,NO,0,1,2,2.0
1512,655867288913969162,bananaabread,04/27/2023 5:16 PM,IM WATCHING OSHI NO KO WITH MY FRIEND RN,0,9,40,3.5555555555555554
1513,655867288913969162,bananaabread,04/27/2023 5:16 PM,I DIDNT EVEN NOTICE,0,4,19,4.0
