,Unnamed: 0,authorid,author,date,content,spam,word_count,char_count,avg_word,stopwords,hastags,numerics,upper,sentiment
0,1,655867288913969162,bananaabread,08/24/2021 6:47 PM,helllo,0,1,6,6.0,0,0,0,1,0.0
1,4,655867288913969162,bananaabread,08/24/2021 6:47 PM,si,0,1,2,2.0,0,0,0,0,0.0
2,6,655867288913969162,bananaabread,08/24/2021 6:48 PM,got dunkinâ€™ donut,0,4,21,4.5,0,0,0,0,0.0
3,8,655867288913969162,bananaabread,08/24/2021 6:48 PM,glazed,0,1,6,6.0,0,0,0,0,0.0
4,9,655867288913969162,bananaabread,08/24/2021 6:48 PM,think thatâ€™s spell,0,8,35,3.5,3,0,0,1,0.0
5,11,655867288913969162,bananaabread,08/24/2021 6:49 PM,"yes, also buy persona 5 pkay together",0,11,50,3.636363636363636,0,0,1,9,0.0
6,12,655867288913969162,bananaabread,08/24/2021 6:49 PM,play,0,1,4,4.0,0,0,0,1,0.0
7,14,655867288913969162,bananaabread,08/24/2021 6:50 PM,,0,1,2,2.0,0,0,0,1,0.0
8,16,655867288913969162,bananaabread,08/24/2021 6:50 PM,also tell buy,0,7,28,3.142857142857143,0,0,0,7,0.0
9,18,655867288913969162,bananaabread,08/24/2021 6:51 PM,ğŸ˜¡ğŸ˜¡ğŸ˜¡ else crusty,0,5,23,3.8,2,0,0,0,0.0
10,21,655867288913969162,bananaabread,08/24/2021 6:52 PM,ok! also loser ğŸ™„ğŸ™„,0,7,28,3.142857142857143,3,0,0,0,0.625
11,23,655867288913969162,bananaabread,08/24/2021 6:52 PM,welcome ğŸ˜‹,0,3,14,4.0,0,0,0,0,0.8
12,24,655867288913969162,bananaabread,08/24/2021 6:53 PM,going offline gonna watch youtube something,0,10,58,4.9,2,0,0,0,0.0
13,25,655867288913969162,bananaabread,08/24/2021 6:53 PM,byeeee,0,1,6,6.0,0,0,0,1,0.0
14,26,655867288913969162,bananaabread,08/24/2021 6:53 PM,ilyyy,0,1,5,5.0,0,0,0,1,0.0
15,28,655867288913969162,bananaabread,08/28/2021 11:53 PM,bre,0,1,3,3.0,0,0,0,1,0.0
16,29,655867288913969162,bananaabread,08/28/2021 11:53 PM,anna,0,1,4,4.0,0,0,0,1,0.0
17,30,655867288913969162,bananaabread,08/28/2021 11:54 PM,breeeeeeana,0,1,11,11.0,0,0,0,1,0.0
18,31,655867288913969162,bananaabread,08/28/2021 11:54 PM,,0,1,5,5.0,0,0,0,0,0.0
19,33,655867288913969162,bananaabread,08/28/2021 11:54 PM,bren,0,1,4,4.0,0,0,0,0,0.0
20,35,655867288913969162,bananaabread,08/28/2021 11:54 PM,start watching persona 5 tomorrow,0,7,40,4.857142857142857,1,0,1,0,0.0
21,36,655867288913969162,bananaabread,08/28/2021 11:54 PM,game show,0,5,21,3.4,0,0,0,5,-0.4
22,38,655867288913969162,bananaabread,08/28/2021 11:54 PM,yayyyyy,0,1,7,7.0,0,0,0,0,0.0
23,40,655867288913969162,bananaabread,08/28/2021 11:55 PM,yet,0,3,10,2.6666666666666665,1,0,0,0,0.0
24,42,655867288913969162,bananaabread,08/28/2021 11:55 PM,"donâ€™t know time, whenever free",0,8,42,4.375,2,0,0,1,0.4
25,43,655867288913969162,bananaabread,08/28/2021 11:56 PM,decide time ğŸ¤¬ğŸ¤¬ğŸ¤¬ğŸ¤¬,0,5,24,4.0,0,0,0,4,0.0
26,46,655867288913969162,bananaabread,08/28/2021 11:56 PM,okayyy,0,1,6,6.0,0,0,0,0,0.0
27,48,655867288913969162,bananaabread,08/28/2021 11:56 PM,weâ€™re gonna discord right,0,6,33,4.666666666666667,1,0,0,0,0.2857142857142857
28,50,655867288913969162,bananaabread,08/28/2021 11:56 PM,mk,0,1,2,2.0,0,0,0,1,0.0
29,52,655867288913969162,bananaabread,08/28/2021 11:57 PM,goodnight!!,0,1,11,11.0,0,0,0,1,0.0
30,53,655867288913969162,bananaabread,08/29/2021 6:00 PM,6 pm,0,5,16,2.4,0,0,1,4,0.0
31,55,655867288913969162,bananaabread,08/29/2021 6:01 PM,iâ€™ll waiting,0,4,18,3.75,1,0,0,0,0.0
32,63,655867288913969162,bananaabread,09/06/2021 7:10 PM,ready,0,3,11,3.0,0,0,0,3,0.2
33,64,655867288913969162,bananaabread,09/06/2021 7:11 PM,wiat,0,1,4,4.0,0,0,0,1,0.0
34,66,655867288913969162,bananaabread,09/06/2021 7:11 PM,ready,0,2,8,3.5,0,0,0,0,0.2
35,68,655867288913969162,bananaabread,09/06/2021 7:28 PM,,0,1,1,1.0,0,0,0,1,0.0
36,69,655867288913969162,bananaabread,09/06/2021 7:28 PM,b,0,1,1,1.0,0,0,0,1,0.0
37,70,655867288913969162,bananaabread,09/06/2021 7:28 PM,c,0,1,1,1.0,0,0,0,1,0.0
38,71,655867288913969162,bananaabread,09/06/2021 7:29 PM,,0,1,1,1.0,0,0,0,1,0.0
39,72,655867288913969162,bananaabread,09/06/2021 7:29 PM,e,0,1,1,1.0,0,0,0,1,0.0
40,73,655867288913969162,bananaabread,09/06/2021 7:29 PM,f,0,1,1,1.0,0,0,0,1,0.0
41,74,655867288913969162,bananaabread,09/06/2021 7:29 PM,g,0,1,1,1.0,0,0,0,1,0.0
42,75,655867288913969162,bananaabread,09/06/2021 7:29 PM,h,0,1,1,1.0,0,0,0,1,0.0
43,76,655867288913969162,bananaabread,09/06/2021 7:29 PM,,0,1,1,1.0,0,0,0,1,0.0
44,77,655867288913969162,bananaabread,09/06/2021 7:29 PM,j,0,1,1,1.0,0,0,0,1,0.0
45,78,655867288913969162,bananaabread,09/06/2021 7:29 PM,k,0,1,1,1.0,0,0,0,1,0.0
46,79,655867288913969162,bananaabread,09/06/2021 7:29 PM,l,0,1,1,1.0,0,0,0,1,0.0
47,80,655867288913969162,bananaabread,09/06/2021 7:29 PM,,0,1,1,1.0,0,0,0,1,0.0
48,81,655867288913969162,bananaabread,09/06/2021 7:29 PM,n,0,1,1,1.0,0,0,0,1,0.0
49,82,655867288913969162,bananaabread,09/06/2021 7:29 PM,,0,1,1,1.0,0,0,0,1,0.0
50,83,655867288913969162,bananaabread,09/06/2021 7:29 PM,p,0,1,1,1.0,0,0,0,1,0.0
51,84,655867288913969162,bananaabread,09/06/2021 7:29 PM,q,0,1,1,1.0,0,0,0,1,0.0
52,85,655867288913969162,bananaabread,09/06/2021 7:29 PM,r,0,1,1,1.0,0,0,0,1,0.0
53,86,655867288913969162,bananaabread,09/06/2021 7:29 PM,,0,1,1,1.0,0,0,0,1,0.0
54,87,655867288913969162,bananaabread,09/06/2021 7:29 PM,,0,1,1,1.0,0,0,0,1,0.0
55,88,655867288913969162,bananaabread,09/06/2021 7:29 PM,u,0,1,1,1.0,0,0,0,1,0.0
56,89,655867288913969162,bananaabread,09/06/2021 7:29 PM,v,0,1,1,1.0,0,0,0,1,0.0
57,90,655867288913969162,bananaabread,09/06/2021 7:29 PM,w,0,1,1,1.0,0,0,0,1,0.0
58,91,655867288913969162,bananaabread,09/06/2021 7:29 PM,x,0,1,1,1.0,0,0,0,1,0.0
59,92,655867288913969162,bananaabread,09/06/2021 7:30 PM,,0,1,1,1.0,0,0,0,1,0.0
60,93,655867288913969162,bananaabread,09/06/2021 7:30 PM,z,0,1,1,1.0,0,0,0,1,0.0
61,95,655867288913969162,bananaabread,09/06/2021 7:36 PM,_ ğ”‰ğ”ğ”¯ğ”±_,0,2,7,3.0,0,0,0,0,0.0
62,100,655867288913969162,bananaabread,09/06/2021 8:39 PM,exposedâ€¦,0,1,8,8.0,0,0,0,1,0.0
63,101,655867288913969162,bananaabread,09/06/2021 8:40 PM,ryuji,0,2,9,4.0,0,0,0,2,0.0
64,102,655867288913969162,bananaabread,09/06/2021 8:40 PM,expose himmmm,0,2,13,6.0,0,0,0,2,0.0
65,103,655867288913969162,bananaabread,09/06/2021 8:54 PM,exposedddah,0,1,11,11.0,0,0,0,1,0.0
66,104,655867288913969162,bananaabread,09/11/2021 10:52 PM,yo status say disturb well imma disturb,0,10,50,4.1,3,0,0,0,0.0
67,105,655867288913969162,bananaabread,09/11/2021 10:52 PM,hey,0,1,3,3.0,0,0,0,1,0.0
68,106,655867288913969162,bananaabread,09/11/2021 10:52 PM,breannaaaaa,0,1,11,11.0,0,0,0,1,0.0
69,107,655867288913969162,bananaabread,09/11/2021 10:53 PM,answer racist,0,5,24,4.0,3,0,0,0,0.0
70,110,655867288913969162,bananaabread,09/12/2021 10:24 PM,hello,0,1,5,5.0,0,0,0,0,0.0
71,111,655867288913969162,bananaabread,09/12/2021 10:24 PM,,0,1,5,5.0,0,0,0,0,0.0
72,112,655867288913969162,bananaabread,09/12/2021 10:24 PM,guess happend school,0,5,28,4.8,0,0,0,5,0.0
73,114,655867288913969162,bananaabread,09/12/2021 10:24 PM,know people use computer school,0,12,56,3.75,6,0,0,0,0.0
74,116,655867288913969162,bananaabread,09/12/2021 10:25 PM,someone forgot log chromebook,0,9,48,4.444444444444445,4,0,0,0,0.0
75,117,655867288913969162,bananaabread,09/12/2021 10:25 PM,"another person used it, went onto account wasnâ€™t logged",0,13,72,4.615384615384615,3,0,0,0,0.0
76,118,655867288913969162,bananaabread,09/12/2021 10:25 PM,said google classroom,0,6,30,4.166666666666667,2,0,0,0,0.0
77,119,655867288913969162,bananaabread,09/12/2021 10:25 PM,imma cuss okay,0,3,14,4.0,0,0,0,3,0.5
78,120,655867288913969162,bananaabread,09/12/2021 10:26 PM,dont tell nobody,0,3,16,4.666666666666667,0,0,0,3,0.0
79,122,655867288913969162,bananaabread,09/12/2021 10:26 PM,said fuck botched class,0,9,44,4.0,5,0,0,0,-0.4
80,123,655867288913969162,bananaabread,09/12/2021 10:26 PM,bitch,0,1,7,7.0,0,0,0,1,0.0
81,125,655867288913969162,bananaabread,09/12/2021 10:26 PM,,0,1,3,3.0,0,0,0,1,0.0
82,126,655867288913969162,bananaabread,09/12/2021 10:26 PM,wasnt account,0,6,29,4.0,0,0,0,6,0.0
83,128,655867288913969162,bananaabread,09/12/2021 10:26 PM,,0,1,3,3.0,0,0,0,1,0.0
84,131,655867288913969162,bananaabread,09/12/2021 10:27 PM,crazy,0,3,13,3.6666666666666665,0,0,0,3,-0.6
85,133,655867288913969162,bananaabread,09/12/2021 10:27 PM,friend told,0,4,17,3.5,1,0,0,0,0.0
86,135,655867288913969162,bananaabread,09/12/2021 10:28 PM,teacher started saying â€œmake sure log done using computersâ€,0,18,99,4.555555555555555,5,0,0,7,0.5
87,138,655867288913969162,bananaabread,09/12/2021 10:28 PM,kinda funny tho,0,4,19,4.0,0,0,0,4,0.25
88,140,655867288913969162,bananaabread,09/12/2021 10:28 PM,samee,0,1,5,5.0,0,0,0,0,0.0
89,143,655867288913969162,bananaabread,09/12/2021 10:29 PM,okay go bed gonna get trouble tomorrow monday,0,15,73,3.933333333333333,0,0,0,15,0.15
90,145,655867288913969162,bananaabread,09/12/2021 10:29 PM,goodnight,0,1,9,9.0,0,0,0,1,0.0
91,147,655867288913969162,bananaabread,09/12/2021 10:29 PM,ilyt,0,1,4,4.0,0,0,0,1,0.0
92,149,655867288913969162,bananaabread,09/17/2021 6:18 PM,wanna watch persona ğŸ˜«ğŸ˜«ğŸ˜«,0,6,30,4.166666666666667,1,0,0,0,0.0
93,151,655867288913969162,bananaabread,09/17/2021 6:19 PM,okay text ready,0,6,27,3.6666666666666665,3,0,0,0,0.35
94,153,655867288913969162,bananaabread,09/17/2021 8:14 PM,late,0,3,11,3.0,0,0,0,3,-0.3
95,155,655867288913969162,bananaabread,09/17/2021 8:14 PM,guy talking ğŸ˜®ğŸ˜®ğŸ˜®,0,7,36,4.285714285714286,3,0,0,0,0.0
96,157,655867288913969162,bananaabread,09/17/2021 8:15 PM,ooohhhh,0,2,10,4.5,0,0,0,0,0.0
97,158,655867288913969162,bananaabread,09/17/2021 8:15 PM,still wanna watch persona 5,0,7,34,4.0,1,0,1,0,0.0
98,160,655867288913969162,bananaabread,09/17/2021 8:16 PM,course still wanna watch duh,0,7,33,3.857142857142857,0,0,0,7,-0.3
99,164,655867288913969162,bananaabread,09/17/2021 8:17 PM,ye thatâ€™s okay,0,3,14,4.0,0,0,0,0,0.5
100,176,655867288913969162,bananaabread,09/24/2021 8:02 PM,breanna,0,1,7,7.0,0,0,0,1,0.0
101,177,655867288913969162,bananaabread,09/24/2021 8:03 PM,answerrr,0,1,8,8.0,0,0,0,1,0.0
102,179,655867288913969162,bananaabread,09/24/2021 8:06 PM,omg responded,0,3,17,5.0,1,0,0,0,0.0
103,180,655867288913969162,bananaabread,09/24/2021 8:06 PM,8th grader roosevelt throwing hand,0,8,46,4.875,0,0,0,7,0.0
104,181,655867288913969162,bananaabread,09/24/2021 8:07 PM,look,0,1,4,4.0,0,0,0,1,0.0
105,185,655867288913969162,bananaabread,09/24/2021 8:08 PM,ikr,0,1,3,3.0,0,0,0,1,0.0
106,188,655867288913969162,bananaabread,09/24/2021 8:08 PM,know devious lick,0,8,34,3.375,0,0,0,8,0.0
107,190,655867288913969162,bananaabread,09/24/2021 8:09 PM,people steal school,0,6,33,4.666666666666667,0,0,0,6,0.0
108,191,655867288913969162,bananaabread,09/24/2021 8:09 PM,someone got caught,0,6,29,4.0,0,0,0,6,0.0
109,193,655867288913969162,bananaabread,09/24/2021 8:09 PM,soap boy bathroom,0,5,27,4.6,0,0,0,5,0.0
110,197,655867288913969162,bananaabread,09/24/2021 8:10 PM,lolll,0,1,5,5.0,0,0,0,1,0.0
111,200,655867288913969162,bananaabread,09/24/2021 8:10 PM,,0,1,3,3.0,0,0,0,1,0.0
112,203,655867288913969162,bananaabread,09/24/2021 8:11 PM,look science teacher gave y,0,7,36,4.285714285714286,0,0,0,7,0.0
113,204,655867288913969162,bananaabread,09/24/2021 8:11 PM,u,0,1,2,2.0,0,0,0,1,0.0
114,207,655867288913969162,bananaabread,09/24/2021 8:11 PM,know ğŸ™„ğŸ™„ğŸ™„,0,9,36,3.111111111111111,6,0,0,0,0.0
115,208,655867288913969162,bananaabread,09/24/2021 8:11 PM,uncultured ğŸ™„ğŸ™„ğŸ˜’ğŸ˜’,0,2,15,7.0,0,0,0,0,0.0
116,211,655867288913969162,bananaabread,09/24/2021 8:12 PM,pop,0,4,12,2.25,0,0,0,4,0.0
117,213,655867288913969162,bananaabread,09/24/2021 8:13 PM,ph god discord wont let send video,0,9,41,3.6666666666666665,0,0,0,9,0.0
118,214,655867288913969162,bananaabread,09/24/2021 8:14 PM,imma message,0,6,27,3.6666666666666665,0,0,0,6,0.0
119,220,655867288913969162,bananaabread,09/24/2021 8:16 PM,itâ€™s pretty cool whateva,0,6,32,4.5,1,0,0,0,0.3
120,222,655867288913969162,bananaabread,09/24/2021 8:17 PM,"yes, also wath persona 5",0,9,41,3.6666666666666665,0,0,1,8,0.0
121,224,655867288913969162,bananaabread,09/24/2021 8:18 PM,time,0,2,9,4.0,0,0,0,2,0.0
122,226,655867288913969162,bananaabread,09/24/2021 8:18 PM,,0,1,2,2.0,0,0,0,1,0.0
123,227,655867288913969162,bananaabread,09/24/2021 8:19 PM,iâ€™ll ready ğŸ˜ˆğŸ˜ˆğŸ˜ˆ,0,5,23,3.8,1,0,0,0,0.2
124,229,655867288913969162,bananaabread,09/24/2021 8:19 PM,lmaoo,0,1,5,5.0,0,0,0,1,0.0
125,230,655867288913969162,bananaabread,09/24/2021 8:19 PM,banana,0,2,9,4.0,0,0,0,0,0.0
126,232,655867288913969162,bananaabread,09/26/2021 6:28 PM,6:30 approaching,0,4,25,5.5,1,0,0,0,0.0
127,235,655867288913969162,bananaabread,09/26/2021 6:30 PM,,0,1,2,2.0,0,0,0,0,0.0
128,237,655867288913969162,bananaabread,09/26/2021 6:44 PM,,0,1,2,2.0,0,0,0,0,0.0
129,238,655867288913969162,bananaabread,09/26/2021 6:44 PM,si,0,1,2,2.0,0,0,0,1,0.0
130,241,655867288913969162,bananaabread,10/02/2021 9:11 PM,breanna got c math quiz,0,9,33,2.7777777777777777,0,0,0,9,0.0
131,245,655867288913969162,bananaabread,10/02/2021 9:13 PM,scaredddd ğŸ˜­ğŸ˜­,0,5,23,3.8,1,0,0,0,0.0
132,247,655867288913969162,bananaabread,10/02/2021 9:13 PM,,0,2,6,2.5,0,0,0,2,0.0
133,249,655867288913969162,bananaabread,10/02/2021 9:13 PM,dad gonna find,0,5,27,4.6,0,0,0,5,0.0
134,251,655867288913969162,bananaabread,10/02/2021 9:15 PM,aww,0,2,6,2.5,0,0,0,0,0.3
135,256,655867288913969162,bananaabread,10/02/2021 9:15 PM,,0,3,9,2.333333333333333,0,0,0,3,0.0
136,258,655867288913969162,bananaabread,10/02/2021 9:15 PM,noo itâ€™s,0,3,11,3.0,0,0,0,0,0.0
137,260,655867288913969162,bananaabread,10/02/2021 9:16 PM,case instrument look suitcase,0,10,57,4.8,0,0,0,10,0.0
138,262,655867288913969162,bananaabread,10/02/2021 9:19 PM,awww,0,3,14,4.0,0,0,0,3,0.4
139,263,655867288913969162,bananaabread,10/02/2021 9:19 PM,ily,0,1,3,3.0,0,0,0,1,0.0
140,264,655867288913969162,bananaabread,10/02/2021 9:19 PM,ğŸ’—ğŸ’—ğŸ’—,0,1,3,3.0,0,0,0,0,0.0
141,266,655867288913969162,bananaabread,10/03/2021 12:53 AM,danielle getting f,0,6,28,3.8333333333333335,0,0,0,6,0.0
142,267,655867288913969162,bananaabread,10/03/2021 12:53 AM,hope let u retake bad,0,12,51,3.333333333333333,0,0,0,12,-0.6999999999999998
143,269,655867288913969162,bananaabread,10/03/2021 12:54 AM,yesh,0,1,4,4.0,0,0,0,1,0.0
144,271,655867288913969162,bananaabread,10/03/2021 12:55 AM,shes everything say go one ear,0,13,61,3.769230769230769,0,0,0,13,0.0
145,273,655867288913969162,bananaabread,10/03/2021 12:56 AM,yeahh let u play kahoot sooo,0,10,49,4.0,0,0,0,10,0.0
146,276,655867288913969162,bananaabread,10/03/2021 12:57 AM,yea,0,1,3,3.0,0,0,0,0,0.0
147,278,655867288913969162,bananaabread,10/03/2021 12:57 AM,believe succeed class,0,12,60,4.083333333333333,7,0,0,1,0.0
148,280,655867288913969162,bananaabread,10/03/2021 12:58 AM,goodnightt,0,1,10,10.0,0,0,0,1,0.0
149,281,655867288913969162,bananaabread,10/09/2021 2:05 AM,would said would go,0,14,56,3.071428571428572,7,0,0,0,0.0
150,283,655867288913969162,bananaabread,10/10/2021 7:24 PM,"dear sister, art thee losing thy mind",0,9,48,4.444444444444445,2,0,0,0,0.0
151,284,655867288913969162,bananaabread,10/10/2021 7:29 PM,answer mine discord message distemperate blinking idiot,0,7,55,7.0,0,0,0,0,-0.8
152,286,655867288913969162,bananaabread,10/10/2021 7:30 PM,thee maury crusty dusty,0,7,33,3.857142857142857,3,0,0,0,-0.4
153,287,655867288913969162,bananaabread,10/10/2021 7:30 PM,meant type musty,0,5,21,3.4,0,0,0,5,0.0
154,290,655867288913969162,bananaabread,10/10/2021 7:31 PM,donâ€™t already job,0,6,28,3.8333333333333335,3,0,0,0,0.0
155,293,655867288913969162,bananaabread,10/10/2021 7:32 PM,,0,1,3,3.0,0,0,0,0,0.0
156,295,655867288913969162,bananaabread,10/10/2021 7:33 PM,"donâ€™t stresseth sister, thee receiveth home thee play smasheth bros hast worry job",0,20,112,4.65,7,0,0,0,0.0
157,299,655867288913969162,bananaabread,10/10/2021 7:33 PM,grindeth,0,1,8,8.0,0,0,0,0,0.0
158,301,655867288913969162,bananaabread,10/10/2021 7:34 PM,loveth thee,0,4,17,3.5,1,0,0,1,0.0
159,303,655867288913969162,bananaabread,10/10/2021 7:34 PM,ğŸ’—ğŸ’—ğŸ’—,0,1,3,3.0,0,0,0,0,0.0
160,304,655867288913969162,bananaabread,10/11/2021 3:01 PM,fight friend bus person recording actually good,0,15,78,4.266666666666667,0,0,0,15,0.7
161,305,655867288913969162,bananaabread,10/11/2021 3:02 PM,oh god way bys driver separate,0,12,53,3.5,0,0,0,12,0.0
162,308,655867288913969162,bananaabread,10/11/2021 3:02 PM,lmaooo,0,1,6,6.0,0,0,0,1,0.0
163,310,655867288913969162,bananaabread,10/11/2021 3:02 PM,friday got video,0,10,45,3.6,0,0,0,10,0.0
164,313,655867288913969162,bananaabread,10/11/2021 3:03 PM,,0,1,4,4.0,0,0,0,1,0.0
165,316,655867288913969162,bananaabread,10/11/2021 3:03 PM,yw,0,1,2,2.0,0,0,0,1,0.0
166,317,655867288913969162,bananaabread,10/15/2021 10:57 AM,hello,0,1,5,5.0,0,0,0,0,0.0
167,319,655867288913969162,bananaabread,10/21/2021 6:38 PM,watch persona 5 weekend pls pls pls,0,10,47,3.8,2,0,1,0,0.0
168,320,655867288913969162,bananaabread,10/21/2021 6:47 PM,take long respond girlie,0,9,41,3.6666666666666665,0,0,0,9,-0.05
169,322,655867288913969162,bananaabread,10/21/2021 8:10 PM,yayyyyy,0,1,7,7.0,0,0,0,1,0.0
170,324,655867288913969162,bananaabread,10/23/2021 6:01 PM,,0,1,3,3.0,0,0,0,1,0.0
171,325,655867288913969162,bananaabread,10/23/2021 6:01 PM,wait time,0,3,14,4.0,0,0,0,3,0.0
172,327,655867288913969162,bananaabread,10/23/2021 6:02 PM,always free ğŸ˜«,0,4,17,3.5,0,0,0,0,0.4
173,329,655867288913969162,bananaabread,10/23/2021 6:02 PM,nope,0,1,4,4.0,0,0,0,0,0.0
174,332,655867288913969162,bananaabread,10/23/2021 6:03 PM,okk,0,1,3,3.0,0,0,0,1,0.0
175,333,655867288913969162,bananaabread,10/24/2021 7:29 PM,,0,2,5,2.0,0,0,0,2,0.0
176,334,655867288913969162,bananaabread,10/24/2021 7:29 PM,7:29,0,1,4,4.0,0,0,0,0,0.0
177,335,655867288913969162,bananaabread,10/24/2021 7:30 PM,brenaaaaa,0,4,23,5.0,2,0,0,0,0.0
178,336,655867288913969162,bananaabread,10/24/2021 7:32 PM,art thou,0,3,14,4.0,0,0,0,0,0.0
179,337,655867288913969162,bananaabread,10/24/2021 7:32 PM,,0,1,5,5.0,0,0,0,1,0.0
180,340,655867288913969162,bananaabread,10/24/2021 7:33 PM,mom also phone kenisha yk load talk phone soooo,0,17,80,3.764705882352941,8,0,0,0,0.0
181,343,655867288913969162,bananaabread,10/24/2021 7:37 PM,turn caption goofy,0,5,28,4.8,0,0,0,5,0.5
182,345,655867288913969162,bananaabread,10/24/2021 7:39 PM,youâ€™re*,0,1,7,7.0,0,0,0,0,0.0
183,346,655867288913969162,bananaabread,10/24/2021 7:39 PM,talk type correctly ğŸ™„,0,9,40,3.555555555555556,5,0,0,0,0.0
184,348,655867288913969162,bananaabread,10/24/2021 7:42 PM,talking gotta speak,0,9,40,3.555555555555556,0,0,0,9,0.0
185,351,655867288913969162,bananaabread,10/24/2021 7:43 PM,quiet,0,5,22,3.6,0,0,0,5,0.0
186,352,655867288913969162,bananaabread,10/24/2021 7:43 PM,turn microphone volume,0,5,30,5.2,0,0,0,5,0.0
187,356,655867288913969162,bananaabread,10/24/2021 7:44 PM,get new headphone ğŸ™„,0,5,25,4.2,0,0,0,0,0.13636363636363635
188,357,655867288913969162,bananaabread,10/24/2021 7:44 PM,cant,0,4,15,3.0,0,0,0,4,0.0
189,361,655867288913969162,bananaabread,10/24/2021 7:55 PM,joker leaving rest group talk pinocchio nose guy,0,16,79,4.0,7,0,0,0,0.0
190,362,655867288913969162,bananaabread,10/24/2021 8:03 PM,ğŸ’¯ğŸ’¯ğŸ’¯ğŸ’¯ğŸ’¯ğŸ’¯ğŸ’¯ğŸ’¯ğŸ’¯ğŸ’¯ğŸ’¯ğŸ’¯ğŸ’¯ğŸ’¯ğŸ’¯ğŸ’¯ğŸ’¯ğŸ’¯ğŸ’¯ğŸ’¯ğŸ’¯ğŸ’¯ğŸ’¯ğŸ’¯ğŸ’¯ğŸ’¯ğŸ’¯ğŸ’¯ğŸ’¯ğŸ’¯ğŸ’¯ğŸ’¯ğŸ’¯ğŸ’¯ğŸ’¯ğŸ’¯ğŸ’¯ğŸ’¯ğŸ’¯ğŸ’¯,0,1,40,40.0,0,0,0,0,0.0
191,363,655867288913969162,bananaabread,10/24/2021 8:04 PM,lettuce fight,0,2,13,6.0,0,0,0,0,0.0
192,364,655867288913969162,bananaabread,10/24/2021 8:10 PM,pause,0,1,5,5.0,0,0,0,1,0.0
193,365,655867288913969162,bananaabread,10/24/2021 8:10 PM,,0,1,3,3.0,0,0,0,1,0.0
194,366,655867288913969162,bananaabread,10/24/2021 8:10 PM,vid,0,1,3,3.0,0,0,0,1,0.0
195,367,655867288913969162,bananaabread,10/24/2021 8:10 PM,something important ask,0,8,42,4.375,0,0,0,8,0.4
196,368,655867288913969162,bananaabread,10/24/2021 8:19 PM,guess computer phone rn,0,8,35,3.5,3,0,0,0,0.0
197,370,655867288913969162,bananaabread,10/24/2021 8:19 PM,wrong.,0,1,6,6.0,0,0,0,1,-0.5
198,372,655867288913969162,bananaabread,10/24/2021 8:19 PM,yes,0,1,5,5.0,0,0,0,0,0.0
199,374,655867288913969162,bananaabread,10/24/2021 8:20 PM,switch computer phone whenever,0,8,44,4.625,0,0,0,8,0.0
200,377,655867288913969162,bananaabread,10/24/2021 8:20 PM,never know truth,0,8,37,3.75,4,0,0,0,0.0
201,380,655867288913969162,bananaabread,10/24/2021 8:20 PM,amogus,0,1,6,6.0,0,0,0,0,0.0
202,382,655867288913969162,bananaabread,10/24/2021 8:26 PM,hiiii,0,1,5,5.0,0,0,0,1,0.0
203,384,655867288913969162,bananaabread,10/24/2021 8:27 PM,byeee ğŸ¥­,0,2,7,3.0,0,0,0,0,0.0
204,386,655867288913969162,bananaabread,10/24/2021 8:27 PM,ğŸ§i want eat emoji,0,6,25,3.333333333333333,2,0,0,1,0.0
205,387,655867288913969162,bananaabread,10/24/2021 8:29 PM,wheres kamoshida,0,2,16,7.5,0,0,0,2,0.0
206,388,655867288913969162,bananaabread,10/24/2021 8:29 PM,hiding,0,4,18,3.75,0,0,0,4,0.0
207,392,655867288913969162,bananaabread,10/24/2021 8:29 PM,one,0,3,13,3.6666666666666665,0,0,0,0,0.0
208,394,655867288913969162,bananaabread,10/24/2021 8:30 PM,no??,0,1,4,4.0,0,0,0,1,0.0
209,397,655867288913969162,bananaabread,10/24/2021 8:30 PM,make noelle kill people,0,6,29,4.0,0,0,0,6,0.0
210,398,655867288913969162,bananaabread,10/24/2021 8:30 PM,,0,1,4,4.0,0,0,0,1,0.0
211,401,655867288913969162,bananaabread,10/24/2021 8:30 PM,wait imma search 999k computer,0,10,51,4.2,4,0,0,0,0.0
212,403,655867288913969162,bananaabread,10/24/2021 8:32 PM,oh mi,0,4,16,3.25,0,0,0,0,0.0
213,404,655867288913969162,bananaabread,10/24/2021 8:32 PM,gonna try get route,0,7,30,3.4285714285714284,0,0,0,7,0.0
214,406,655867288913969162,bananaabread,10/24/2021 8:32 PM,,0,7,29,3.2857142857142856,3,0,0,1,0.0
215,408,655867288913969162,bananaabread,10/24/2021 8:33 PM,want try route,0,14,54,2.9285714285714284,0,0,0,14,0.0
216,409,655867288913969162,bananaabread,10/24/2021 8:33 PM,,0,1,3,3.0,0,0,0,1,0.0
217,411,655867288913969162,bananaabread,10/24/2021 8:34 PM,free,0,8,32,3.125,0,0,0,8,0.4
218,413,655867288913969162,bananaabread,10/24/2021 8:35 PM,okurr,0,1,5,5.0,0,0,0,0,0.0
219,414,655867288913969162,bananaabread,10/24/2021 8:35 PM,,0,3,13,3.6666666666666665,0,0,0,3,0.0
220,416,655867288913969162,bananaabread,10/24/2021 8:38 PM,slaves???,0,1,9,9.0,0,0,0,1,0.0
221,418,655867288913969162,bananaabread,10/24/2021 8:38 PM,racially motivated,0,2,18,8.5,0,0,0,0,0.0
222,422,655867288913969162,bananaabread,10/24/2021 8:38 PM,right,0,1,5,5.0,0,0,0,1,0.2857142857142857
223,423,655867288913969162,bananaabread,10/24/2021 8:38 PM,kamoshida,0,3,19,5.666666666666667,0,0,0,3,0.0
224,425,655867288913969162,bananaabread,10/24/2021 8:38 PM,kamoshida,0,3,19,5.666666666666667,0,0,0,3,0.0
225,426,655867288913969162,bananaabread,10/24/2021 8:38 PM,kamoshida,0,3,19,5.666666666666667,0,0,0,3,0.0
226,427,655867288913969162,bananaabread,10/24/2021 8:38 PM,kamoshida,0,3,19,5.666666666666667,0,0,0,3,0.0
227,429,655867288913969162,bananaabread,10/24/2021 8:45 PM,gasp,0,1,4,4.0,0,0,0,0,0.0
228,431,655867288913969162,bananaabread,10/24/2021 8:46 PM,oop,0,1,3,3.0,0,0,0,1,0.0
229,432,655867288913969162,bananaabread,10/24/2021 8:46 PM,summoning demon,0,5,23,3.8,0,0,0,5,0.0
230,435,655867288913969162,bananaabread,10/24/2021 8:46 PM,take candle burn whole room,0,11,57,4.2727272727272725,6,0,0,0,0.2
231,437,655867288913969162,bananaabread,10/24/2021 8:47 PM,run room,0,6,24,3.1666666666666665,0,0,0,6,0.0
232,438,655867288913969162,bananaabread,10/24/2021 8:47 PM,get caught fire drop roll,0,9,39,3.4444444444444446,0,0,0,9,0.0
233,442,655867288913969162,bananaabread,11/03/2021 6:41 PM,well,0,6,24,3.1666666666666665,3,0,0,1,0.0
234,444,655867288913969162,bananaabread,11/06/2021 5:45 PM,would drink yoshi fart milk,0,6,31,4.333333333333333,1,0,0,0,0.0
235,446,655867288913969162,bananaabread,11/07/2021 10:48 PM,slayed ğŸ˜ğŸ˜ğŸ˜,0,2,10,4.5,0,0,0,1,0.0
236,447,655867288913969162,bananaabread,11/07/2021 10:48 PM,got arrested,0,5,25,4.2,2,0,0,1,0.0
237,449,655867288913969162,bananaabread,11/07/2021 10:53 PM,,0,1,3,3.0,0,0,0,1,0.0
238,452,655867288913969162,bananaabread,11/07/2021 10:54 PM,aint never going therapy,0,6,29,4.0,0,0,0,6,0.0
239,455,655867288913969162,bananaabread,11/20/2021 9:45 PM,love tooo,0,4,15,3.0,1,0,0,1,0.5
240,457,655867288913969162,bananaabread,12/10/2021 3:41 PM,good hut also rlly hard,0,12,45,2.833333333333333,0,0,0,12,0.20416666666666664
241,458,655867288913969162,bananaabread,12/10/2021 3:41 PM,but*,0,1,4,4.0,0,0,0,1,0.0
242,459,655867288913969162,bananaabread,12/10/2021 3:41 PM,keep dying,0,4,16,3.25,0,0,0,4,0.0
243,461,655867288913969162,bananaabread,12/14/2021 6:36 PM,breanna.,0,1,8,8.0,0,0,0,1,0.0
244,463,655867288913969162,bananaabread,12/14/2021 6:37 PM,iiiii achieved victory,0,4,27,6.0,0,0,0,4,0.0
245,465,655867288913969162,bananaabread,12/14/2021 6:37 PM,,0,2,9,4.0,0,0,0,2,0.0
246,468,655867288913969162,bananaabread,02/25/2022 8:14 AM,breanaaaaaaa,0,1,12,12.0,0,0,0,0,0.0
247,469,655867288913969162,bananaabread,02/25/2022 8:14 AM,good,0,2,7,3.0,0,0,0,0,0.7
248,471,655867288913969162,bananaabread,04/19/2022 2:49 PM,,0,1,5,5.0,0,0,0,0,0.0
249,474,655867288913969162,bananaabread,04/19/2022 2:51 PM,u,0,3,9,2.333333333333333,1,0,0,0,0.0
250,475,655867288913969162,bananaabread,04/19/2022 2:52 PM,watch video,0,4,21,4.5,0,0,0,4,0.0
251,478,655867288913969162,bananaabread,04/19/2022 2:53 PM,nothing,0,1,7,7.0,0,0,0,1,0.0
252,479,655867288913969162,bananaabread,04/19/2022 2:53 PM,jsut reminded u,0,6,24,3.1666666666666665,0,0,0,6,0.0
253,483,655867288913969162,bananaabread,04/19/2022 2:53 PM,si,0,1,2,2.0,0,0,0,0,0.0
254,484,655867288913969162,bananaabread,04/19/2022 2:53 PM,fun,0,3,14,4.0,1,0,0,0,0.3
255,486,655867288913969162,bananaabread,04/19/2022 2:54 PM,went climbing dunns river fall,0,7,36,4.285714285714286,1,0,0,1,0.0
256,487,655867288913969162,bananaabread,04/19/2022 2:54 PM,ate food,0,4,14,2.75,0,0,0,1,0.0
257,488,655867288913969162,bananaabread,04/19/2022 2:54 PM,went beach,0,6,23,3.0,2,0,0,1,0.0
258,490,655867288913969162,bananaabread,04/19/2022 2:54 PM,,0,1,4,4.0,0,0,0,0,0.0
259,493,655867288913969162,bananaabread,04/19/2022 2:55 PM,staying resort leaving go auntie jackieâ€™s house today,0,16,78,3.9375,6,0,0,1,0.0
260,494,655867288913969162,bananaabread,04/19/2022 2:56 PM,cassidy,0,2,12,5.5,0,0,0,0,0.0
261,499,655867288913969162,bananaabread,04/19/2022 2:56 PM,,0,1,4,4.0,0,0,0,0,0.0
262,500,655867288913969162,bananaabread,04/19/2022 2:56 PM,loud,0,3,13,3.6666666666666665,0,0,0,3,0.1
263,503,655867288913969162,bananaabread,04/19/2022 2:56 PM,cant,0,3,12,3.333333333333333,0,0,0,3,0.0
264,505,655867288913969162,bananaabread,04/19/2022 2:57 PM,weâ€™re leaving auntie susie sheâ€™s leaving today mom doesnâ€™t want alone,0,19,103,4.473684210526316,8,0,0,1,0.0
265,506,655867288913969162,bananaabread,04/19/2022 2:57 PM,shes making leave,0,5,23,3.8,0,0,0,5,0.0
266,507,655867288913969162,bananaabread,04/19/2022 2:57 PM,go auntie jackies,0,5,25,4.2,0,0,0,5,0.0
267,509,655867288913969162,bananaabread,04/19/2022 2:58 PM,,0,1,4,4.0,0,0,0,1,0.0
268,512,655867288913969162,bananaabread,04/19/2022 2:58 PM,go outside,0,4,16,3.25,1,0,0,1,0.0
269,514,655867288913969162,bananaabread,04/19/2022 2:58 PM,outside hot,0,3,16,4.666666666666667,0,0,0,0,0.125
270,515,655867288913969162,bananaabread,04/19/2022 2:58 PM,ewww,0,4,18,3.75,0,0,0,4,0.0
271,517,655867288913969162,bananaabread,04/19/2022 2:58 PM,youre gross,0,2,11,5.0,0,0,0,2,0.0
272,520,655867288913969162,bananaabread,04/19/2022 2:59 PM,,0,3,15,4.333333333333333,1,0,0,0,0.0
273,523,655867288913969162,bananaabread,04/20/2022 3:06 PM,hi,0,2,8,3.5,0,0,0,0,0.0
274,526,655867288913969162,bananaabread,04/20/2022 3:06 PM,,0,1,4,4.0,0,0,0,0,0.0
275,528,655867288913969162,bananaabread,04/20/2022 3:06 PM,,0,1,2,2.0,0,0,0,0,0.0
276,530,655867288913969162,bananaabread,04/20/2022 3:07 PM,,0,2,10,4.5,0,0,0,0,0.0
277,532,655867288913969162,bananaabread,04/20/2022 3:07 PM,living life,0,3,15,4.333333333333333,0,0,0,0,0.0
278,533,655867288913969162,bananaabread,04/20/2022 3:07 PM,,0,2,6,2.5,0,0,0,0,0.0
279,534,655867288913969162,bananaabread,04/20/2022 3:07 PM,fun,0,4,15,3.0,2,0,0,1,0.3
280,536,655867288913969162,bananaabread,04/20/2022 3:07 PM,,0,3,10,2.6666666666666665,0,0,0,3,0.0
281,538,655867288913969162,bananaabread,04/20/2022 3:08 PM,,0,1,5,5.0,0,0,0,0,0.0
282,540,655867288913969162,bananaabread,04/20/2022 3:08 PM,havent done anything shower eat,0,9,47,4.333333333333333,0,0,0,9,0.0
283,542,655867288913969162,bananaabread,04/20/2022 3:09 PM,fan room isnt helping heat,0,12,51,3.333333333333333,6,0,0,0,0.0
284,544,655867288913969162,bananaabread,04/20/2022 3:09 PM,,0,1,4,4.0,0,0,0,0,0.0
285,549,655867288913969162,bananaabread,04/20/2022 3:09 PM,sheâ€™s cool sheâ€™s 14,0,6,28,3.8333333333333335,1,0,1,0,0.35
286,552,655867288913969162,bananaabread,04/20/2022 3:10 PM,,0,1,4,4.0,0,0,0,0,0.0
287,554,655867288913969162,bananaabread,04/20/2022 3:10 PM,,0,1,3,3.0,0,0,0,0,0.0
288,557,655867288913969162,bananaabread,04/20/2022 3:10 PM,,0,1,4,4.0,0,0,0,0,0.0
289,559,655867288913969162,bananaabread,04/20/2022 3:10 PM,ive said many time,0,7,33,3.857142857142857,0,0,0,7,0.5
290,561,655867288913969162,bananaabread,04/20/2022 3:11 PM,cooking good,0,4,22,4.75,0,0,0,4,0.7
291,563,655867288913969162,bananaabread,04/20/2022 3:11 PM,naur,0,1,4,4.0,0,0,0,0,0.0
292,565,655867288913969162,bananaabread,04/20/2022 3:11 PM,government agent something,0,7,39,4.714285714285714,0,0,0,7,0.0
293,566,655867288913969162,bananaabread,04/20/2022 3:11 PM,saking much,0,5,22,3.6,0,0,0,5,0.2
294,568,655867288913969162,bananaabread,04/20/2022 3:11 PM,aking,0,1,5,5.0,0,0,0,1,0.0
295,569,655867288913969162,bananaabread,04/20/2022 3:11 PM,asking,0,1,6,6.0,0,0,0,1,0.0
296,573,655867288913969162,bananaabread,04/20/2022 3:12 PM,question donâ€™t even need answer though ğŸ™„,0,12,62,4.25,4,0,0,0,0.0
297,574,655867288913969162,bananaabread,04/20/2022 3:12 PM,go sleep,0,3,11,3.0,1,0,0,0,0.0
298,577,655867288913969162,bananaabread,04/20/2022 3:12 PM,youâ€™re 3:12 pm,0,3,14,4.0,0,0,0,0,0.0
299,582,655867288913969162,bananaabread,04/20/2022 3:13 PM,,0,2,8,3.5,0,0,0,0,0.0
300,583,655867288913969162,bananaabread,04/20/2022 3:13 PM,amazing amazing day,0,5,26,4.4,1,0,0,0,0.6000000000000001
301,588,655867288913969162,bananaabread,04/27/2022 10:11 PM,remember date,0,6,29,4.0,0,0,0,6,0.0
302,589,655867288913969162,bananaabread,04/27/2022 10:11 PM,,0,3,15,4.333333333333333,0,0,0,3,0.0
303,592,655867288913969162,bananaabread,04/27/2022 10:11 PM,long ago,0,6,26,3.5,0,0,0,6,-0.05
304,595,655867288913969162,bananaabread,04/28/2022 10:13 PM,hello,0,2,11,5.0,0,0,0,0,0.0
305,596,655867288913969162,bananaabread,04/28/2022 10:13 PM,fun,0,4,13,2.5,0,0,0,4,0.3
306,599,655867288913969162,bananaabread,04/28/2022 10:14 PM,enjoyed,0,3,16,4.666666666666667,1,0,0,0,0.5
307,603,655867288913969162,bananaabread,04/28/2022 10:15 PM,hope,0,4,13,2.5,0,0,0,4,0.0
308,604,655867288913969162,bananaabread,04/28/2022 10:15 PM,gn,0,1,2,2.0,0,0,0,1,0.0
309,606,655867288913969162,bananaabread,04/29/2022 9:33 PM,breanna slayed play today,0,6,31,4.333333333333333,0,0,0,6,0.0
310,609,655867288913969162,bananaabread,04/29/2022 9:39 PM,line sang song good rlly rlly fun,0,18,69,3.0588235294117645,0,0,0,17,0.5
311,612,655867288913969162,bananaabread,04/29/2022 9:39 PM,duet dorothy,0,6,27,3.6666666666666665,0,0,0,6,0.0
312,615,655867288913969162,bananaabread,04/29/2022 9:40 PM,called rainbow reprise,0,6,35,5.0,0,0,0,6,0.0
313,616,655867288913969162,bananaabread,04/29/2022 9:40 PM,think,0,2,7,3.0,0,0,0,2,0.0
314,619,655867288913969162,bananaabread,04/29/2022 9:40 PM,shhh,0,1,4,4.0,0,0,0,1,0.0
315,621,655867288913969162,bananaabread,04/29/2022 9:41 PM,called rainbow reprise https://m.youtube.com/watch?v=-pelkbsgo4a,0,8,81,9.25,0,0,0,7,0.0
316,623,655867288913969162,bananaabread,04/29/2022 9:41 PM,ğŸ˜ŒğŸ‘Œ,0,1,2,2.0,0,0,0,0,0.0
317,625,655867288913969162,bananaabread,04/29/2022 9:41 PM,yessir,0,1,6,6.0,0,0,0,0,0.0
318,626,655867288913969162,bananaabread,04/29/2022 9:42 PM,recording tomorrow,0,5,31,5.4,2,0,0,0,0.0
319,628,655867288913969162,bananaabread,04/29/2022 9:42 PM,buy thing,0,6,21,2.6666666666666665,0,0,0,6,0.0
320,629,655867288913969162,bananaabread,04/29/2022 9:42 PM,dvd,0,2,5,2.0,0,0,0,2,0.0
321,633,655867288913969162,bananaabread,04/29/2022 9:42 PM,oh,0,1,2,2.0,0,0,0,1,0.0
322,636,655867288913969162,bananaabread,04/29/2022 9:42 PM,,0,3,12,3.333333333333333,0,0,0,3,0.0
323,639,655867288913969162,bananaabread,04/29/2022 9:42 PM,gn ğŸ’,0,2,4,1.5,0,0,0,1,0.0
324,641,655867288913969162,bananaabread,04/30/2022 10:12 PM,good,0,3,11,3.0,0,0,0,3,0.7
325,642,655867288913969162,bananaabread,04/30/2022 10:12 PM,good friday though,0,6,28,3.8333333333333335,2,0,0,0,0.7
326,643,655867288913969162,bananaabread,04/30/2022 10:12 PM,best show,0,5,22,3.6,2,0,0,0,1.0
327,644,655867288913969162,bananaabread,04/30/2022 10:12 PM,mi opinion,0,3,13,3.6666666666666665,0,0,0,0,0.0
328,646,655867288913969162,bananaabread,04/30/2022 10:44 PM,friday number 1 thursday number 2 today number 3,0,10,55,4.6,0,0,3,7,0.0
329,647,655867288913969162,bananaabread,04/30/2022 10:44 PM,today diddnt give vibe,0,8,40,4.125,0,0,0,8,0.0
330,648,655867288913969162,bananaabread,04/30/2022 10:46 PM,say goodbye emoji pfp,0,6,27,3.6666666666666665,2,0,0,0,0.0
331,649,655867288913969162,bananaabread,04/30/2022 10:46 PM,changing mr wolf bad guy,0,10,44,3.5,4,0,0,0,-0.6999999999999998
332,650,655867288913969162,bananaabread,04/30/2022 10:46 PM,cuz love,0,4,14,2.75,1,0,0,1,0.5
333,654,655867288913969162,bananaabread,04/30/2022 10:53 PM,willl,0,2,7,3.0,0,0,0,2,0.0
334,655,655867288913969162,bananaabread,04/30/2022 10:53 PM,year fun,0,5,20,3.2,0,0,0,5,0.3
335,658,655867288913969162,bananaabread,04/30/2022 10:55 PM,oh,0,2,7,3.0,0,0,0,2,0.0
336,659,655867288913969162,bananaabread,04/30/2022 10:55 PM,,0,2,6,2.5,0,0,0,2,0.0
337,663,655867288913969162,bananaabread,05/19/2022 7:05 PM,dad already bought teacher gonna send show email,0,16,76,3.8125,7,0,0,1,0.0
338,664,655867288913969162,bananaabread,05/19/2022 7:05 PM,didnt yet,0,6,23,3.0,4,0,0,0,0.0
339,665,655867288913969162,bananaabread,05/19/2022 7:05 PM,dad get recording he'll send,0,11,54,4.0,5,0,0,0,0.0
340,668,655867288913969162,bananaabread,06/10/2022 4:36 PM,naur edric,0,5,22,3.6,1,0,0,1,0.0
341,670,655867288913969162,bananaabread,06/18/2022 5:58 PM,ready,0,3,13,3.6666666666666665,1,0,0,0,0.2
342,672,655867288913969162,bananaabread,06/18/2022 5:59 PM,one minute nothing ready,0,9,42,3.7777777777777777,0,0,0,9,0.2
343,674,655867288913969162,bananaabread,06/18/2022 6:00 PM,,0,2,7,3.0,1,0,0,0,0.0
344,678,655867288913969162,bananaabread,06/26/2022 3:16 PM,yo mama,0,2,7,3.0,0,0,0,0,0.0
345,680,655867288913969162,bananaabread,06/30/2022 8:58 PM,heyy ummm happened really name avatar sent girl erm *\*\*\* stuff fuck? https://discord.gg/cuq2pg3ezb check #shame youll see. anyways explain happened blocking you. sorry misunderstanding wanna take risk creep friendslist.,1,65,366,4.646153846153847,33,1,0,0,-0.2333333333333333
346,682,655867288913969162,bananaabread,07/03/2022 3:48 PM,,0,2,9,4.0,0,0,0,2,0.0
347,683,655867288913969162,bananaabread,07/03/2022 3:48 PM,offended,0,2,12,5.5,0,0,0,0,0.0
348,687,655867288913969162,bananaabread,07/03/2022 3:48 PM,shh ğŸ¤«,0,2,5,2.0,0,0,0,1,0.0
349,690,655867288913969162,bananaabread,07/17/2022 6:16 PM,,0,1,5,5.0,0,0,0,1,0.0
350,692,655867288913969162,bananaabread,07/17/2022 6:16 PM,home,0,1,4,4.0,0,0,0,0,0.0
351,694,655867288913969162,bananaabread,07/17/2022 6:16 PM,,0,1,3,3.0,0,0,0,0,0.0
352,697,655867288913969162,bananaabread,07/17/2022 6:17 PM,want ask,0,6,21,2.6666666666666665,4,0,0,0,0.0
353,699,655867288913969162,bananaabread,07/17/2022 6:17 PM,,0,1,3,3.0,0,0,0,0,0.0
354,704,655867288913969162,bananaabread,07/17/2022 6:18 PM,theyre kitchen,0,4,21,4.5,0,0,0,4,0.0
355,708,655867288913969162,bananaabread,07/20/2022 3:05 PM,,0,1,5,5.0,0,0,0,1,0.0
356,711,655867288913969162,bananaabread,07/20/2022 3:05 PM,um,0,1,2,2.0,0,0,0,1,0.0
357,712,655867288913969162,bananaabread,07/20/2022 3:05 PM,um,0,1,2,2.0,0,0,0,1,0.0
358,713,655867288913969162,bananaabread,07/20/2022 3:05 PM,um,0,1,2,2.0,0,0,0,1,0.0
359,714,655867288913969162,bananaabread,07/20/2022 3:05 PM,one,0,3,13,3.6666666666666665,1,0,0,0,0.0
360,716,655867288913969162,bananaabread,07/20/2022 3:05 PM,,0,2,4,1.5,0,0,0,2,0.0
361,717,655867288913969162,bananaabread,07/20/2022 3:05 PM,one,0,4,17,3.5,0,0,0,4,0.0
362,721,655867288913969162,bananaabread,07/20/2022 3:06 PM,take much brain power,0,6,30,4.166666666666667,1,0,0,0,0.2
363,724,655867288913969162,bananaabread,07/20/2022 3:06 PM,si,0,1,2,2.0,0,0,0,0,0.0
364,726,655867288913969162,bananaabread,07/20/2022 3:07 PM,,0,1,2,2.0,1,0,0,0,0.0
365,727,655867288913969162,bananaabread,07/20/2022 3:07 PM,si,0,1,2,2.0,0,0,0,0,0.0
366,729,655867288913969162,bananaabread,07/20/2022 3:07 PM,naur,0,1,4,4.0,0,0,0,0,0.0
367,732,655867288913969162,bananaabread,07/20/2022 3:07 PM,,0,3,10,2.6666666666666665,0,0,0,3,0.0
368,737,655867288913969162,bananaabread,07/20/2022 3:09 PM,think harder,0,2,12,5.5,0,0,0,0,-0.1
369,739,655867288913969162,bananaabread,07/20/2022 3:10 PM,omg,0,1,3,3.0,0,0,0,1,0.0
370,740,655867288913969162,bananaabread,07/20/2022 3:10 PM,watch one,0,5,24,4.0,0,0,0,5,0.0
371,741,655867288913969162,bananaabread,07/20/2022 3:10 PM,thing,0,1,5,5.0,0,0,0,1,0.0
372,743,655867288913969162,bananaabread,07/20/2022 3:10 PM,,0,3,13,3.6666666666666665,0,0,0,3,0.0
373,744,655867288913969162,bananaabread,07/20/2022 3:10 PM,white haired guy,0,3,16,4.666666666666667,0,0,0,3,0.0
374,746,655867288913969162,bananaabread,07/20/2022 3:10 PM,thing,0,3,14,4.0,0,0,0,3,0.0
375,748,655867288913969162,bananaabread,07/20/2022 3:10 PM,name gojo,0,5,20,3.2,0,0,0,5,0.0
376,749,655867288913969162,bananaabread,07/20/2022 3:10 PM,thing,0,3,13,3.6666666666666665,0,0,0,3,0.0
377,751,655867288913969162,bananaabread,07/20/2022 3:10 PM,,0,2,8,3.5,0,0,0,2,0.0
378,754,655867288913969162,bananaabread,07/20/2022 3:11 PM,nope,0,1,4,4.0,0,0,0,0,0.0
379,757,655867288913969162,bananaabread,07/20/2022 3:11 PM,free 24/7,0,3,12,3.333333333333333,0,0,0,0,0.4
380,759,655867288913969162,bananaabread,07/20/2022 3:12 PM,si,0,1,2,2.0,0,0,0,0,0.0
381,761,655867288913969162,bananaabread,07/20/2022 3:14 PM,forgot job,0,6,22,2.833333333333333,3,0,0,1,0.0
382,763,655867288913969162,bananaabread,07/20/2022 3:14 PM,let today,0,5,19,3.0,0,0,0,5,0.0
383,765,655867288913969162,bananaabread,07/20/2022 3:15 PM,waiting,0,5,23,3.8,2,0,0,1,0.0
384,767,655867288913969162,bananaabread,07/20/2022 6:29 PM,ready,0,4,19,4.0,2,0,0,0,0.2
385,769,655867288913969162,bananaabread,07/20/2022 6:31 PM,wait 5 second,0,5,22,3.6,0,0,1,4,0.0
386,771,655867288913969162,bananaabread,07/20/2022 6:32 PM,ready,0,2,8,3.5,0,0,0,2,0.2
387,775,655867288913969162,bananaabread,07/21/2022 3:51 PM,,0,1,3,3.0,0,0,0,1,0.0
388,777,655867288913969162,bananaabread,07/21/2022 4:29 PM,4:35,0,2,10,4.5,0,0,0,1,0.0
389,778,655867288913969162,bananaabread,07/21/2022 4:29 PM,gimme 5 minute,0,3,15,4.333333333333333,0,0,1,2,0.0
390,780,655867288913969162,bananaabread,07/21/2022 4:33 PM,lied ready,0,5,18,2.8,0,0,0,1,0.2
391,784,655867288913969162,bananaabread,07/23/2022 8:34 PM,watch 9,0,6,22,2.833333333333333,0,0,1,5,0.0
392,786,655867288913969162,bananaabread,07/23/2022 9:04 PM,,0,1,2,2.0,0,0,0,1,0.0
393,787,655867288913969162,bananaabread,07/23/2022 9:04 PM,wait,0,1,4,4.0,0,0,0,1,0.0
394,789,655867288913969162,bananaabread,07/23/2022 9:05 PM,ready,0,2,8,3.5,0,0,0,2,0.2
395,790,655867288913969162,bananaabread,07/23/2022 9:05 PM,rn,0,2,7,3.0,0,0,0,2,0.0
396,793,655867288913969162,bananaabread,07/29/2022 7:44 PM,hola,0,1,4,4.0,0,0,0,0,0.0
397,795,655867288913969162,bananaabread,07/29/2022 7:44 PM,naur,0,1,4,4.0,0,0,0,0,0.0
398,797,655867288913969162,bananaabread,07/29/2022 7:44 PM,,0,1,3,3.0,0,0,0,1,0.0
399,809,655867288913969162,bananaabread,08/02/2022 9:08 PM,,0,1,5,5.0,0,0,0,0,0.0
400,810,655867288913969162,bananaabread,08/02/2022 9:08 PM,stop panic,0,2,10,4.5,0,0,0,0,0.0
401,811,655867288913969162,bananaabread,08/02/2022 9:08 PM,start disco,0,2,11,5.0,0,0,0,0,0.0
402,814,655867288913969162,bananaabread,08/02/2022 9:08 PM,keep trying,0,2,11,5.0,0,0,0,2,0.0
403,816,655867288913969162,bananaabread,08/08/2022 11:05 PM,hii,0,1,3,3.0,0,0,0,0,0.0
404,817,655867288913969162,bananaabread,08/08/2022 11:07 PM,hiiiiiii,0,1,8,8.0,0,0,0,0,0.0
405,818,655867288913969162,bananaabread,08/08/2022 11:08 PM,hiiiiiiiii,0,1,10,10.0,0,0,0,0,0.0
406,821,655867288913969162,bananaabread,08/09/2022 12:21 AM,bros minecraft house,0,5,25,4.2,2,0,0,0,0.0
407,822,655867288913969162,bananaabread,08/09/2022 12:28 AM,ketchup mustard fighting ğŸ¤”,0,6,34,4.833333333333333,2,0,0,0,0.0
408,823,655867288913969162,bananaabread,08/09/2022 8:35 PM,brenaa,0,1,6,6.0,0,0,0,0,0.0
409,824,655867288913969162,bananaabread,08/09/2022 8:35 PM,called would pick,0,8,33,3.25,3,0,0,1,0.0
410,825,655867288913969162,bananaabread,08/09/2022 8:39 PM,see online dont try hide ğŸ¤¨ğŸ¤¨ğŸ¤¨,0,11,45,3.1818181818181817,4,0,0,1,0.0
411,829,655867288913969162,bananaabread,08/09/2022 9:04 PM,tought walk,0,6,26,3.5,0,0,0,6,0.0
412,831,655867288913969162,bananaabread,08/09/2022 9:07 PM,stop,0,1,4,4.0,0,0,0,1,0.0
413,833,655867288913969162,bananaabread,08/09/2022 9:10 PM,get home,0,7,28,3.142857142857143,2,0,0,1,0.0
414,838,655867288913969162,bananaabread,08/09/2022 9:22 PM,bye donâ€™t know spell either,0,8,38,3.875,3,0,0,0,0.0
415,841,655867288913969162,bananaabread,08/09/2022 9:46 PM,bruh,0,1,4,4.0,0,0,0,0,0.0
416,842,655867288913969162,bananaabread,08/09/2022 9:48 PM,si talking air,0,5,21,3.4,2,0,0,0,0.0
417,843,655867288913969162,bananaabread,08/09/2022 9:56 PM,sits,0,4,18,3.75,0,0,0,4,0.0
418,846,655867288913969162,bananaabread,08/09/2022 11:02 PM,"yes, kai ğŸ¤–",0,5,15,2.2,0,0,0,4,0.0
419,847,655867288913969162,bananaabread,08/09/2022 11:03 PM,byee he litteraly shackle,0,5,30,5.2,0,0,0,5,0.0
420,848,655867288913969162,bananaabread,08/10/2022 9:38 PM,decide college 8th grade,0,13,57,3.4615384615384617,0,0,0,13,0.0
421,849,655867288913969162,bananaabread,08/10/2022 9:39 PM,answer,0,1,6,6.0,0,0,0,1,0.0
422,851,655867288913969162,bananaabread,08/10/2022 9:39 PM,exactly friend saying dumb thing,0,6,37,5.333333333333333,0,0,0,6,-0.0625
423,855,655867288913969162,bananaabread,08/10/2022 10:24 PM,boy get discord cal,0,6,27,3.6666666666666665,2,0,0,0,0.0
424,856,655867288913969162,bananaabread,08/10/2022 10:24 PM,,0,1,4,4.0,0,0,0,0,0.0
425,858,655867288913969162,bananaabread,08/18/2022 9:22 PM,hiiiiiiii,0,1,9,9.0,0,0,0,0,0.0
426,859,655867288913969162,bananaabread,08/18/2022 9:22 PM,sits 50 year old man,0,7,27,3.0,1,0,1,0,0.1
427,860,655867288913969162,bananaabread,08/18/2022 9:23 PM,need fix posture,0,6,28,3.8333333333333335,3,0,0,0,0.0
428,861,655867288913969162,bananaabread,08/18/2022 9:25 PM,hiiiiiii,0,1,8,8.0,0,0,0,0,0.0
429,862,655867288913969162,bananaabread,08/18/2022 9:25 PM,hiiiiiiiiiiiiii,0,1,15,15.0,0,0,0,0,0.0
430,864,655867288913969162,bananaabread,08/18/2022 9:32 PM,bye card role,0,6,29,4.0,0,0,0,6,0.0
431,865,655867288913969162,bananaabread,08/18/2022 9:33 PM,taking beanie hufflepuff,0,6,35,5.0,2,0,0,0,0.0
432,866,655867288913969162,bananaabread,08/18/2022 9:35 PM,seeing everyone sad make sad,0,6,32,4.5,1,0,0,0,-0.5
433,867,655867288913969162,bananaabread,08/18/2022 9:35 PM,gang miley jumpher,0,9,42,3.7777777777777777,5,0,0,0,0.0
434,869,655867288913969162,bananaabread,08/18/2022 9:59 PM,astonished,0,2,13,6.0,0,0,0,2,0.0
435,870,655867288913969162,bananaabread,08/18/2022 10:02 PM,smart mixed cuz high school student murderer,0,17,79,3.7058823529411766,9,0,0,0,0.12476190476190475
436,871,655867288913969162,bananaabread,08/18/2022 10:02 PM,someone trying finesse u,0,5,29,5.0,1,0,0,0,0.0
437,872,655867288913969162,bananaabread,08/18/2022 10:21 PM,come back,0,2,9,4.0,0,0,0,2,0.0
438,873,655867288913969162,bananaabread,08/18/2022 10:29 PM,gaslighter,0,1,10,10.0,0,0,0,1,0.0
439,875,655867288913969162,bananaabread,08/18/2022 10:29 PM,,0,1,4,4.0,0,0,0,1,0.0
440,876,655867288913969162,bananaabread,08/18/2022 10:29 PM,,0,1,2,2.0,0,0,0,1,0.0
441,877,655867288913969162,bananaabread,08/18/2022 10:29 PM,,0,1,4,4.0,0,0,0,1,0.0
442,878,655867288913969162,bananaabread,08/18/2022 10:44 PM,he crazy goodbye,0,3,17,5.0,0,0,0,0,-0.6
443,879,655867288913969162,bananaabread,08/18/2022 11:26 PM,awwewewee,0,1,9,9.0,0,0,0,1,0.0
444,880,655867288913969162,bananaabread,08/18/2022 11:28 PM,giving 5 star hotel,0,5,23,3.8,0,0,1,0,0.0
445,881,655867288913969162,bananaabread,08/18/2022 11:37 PM,hiiiiiiiiiiii,0,1,13,13.0,0,0,0,0,0.0
446,885,655867288913969162,bananaabread,08/19/2022 12:11 AM,bruh,0,1,4,4.0,0,0,0,0,0.0
447,887,655867288913969162,bananaabread,08/19/2022 8:02 PM,bre,0,1,3,3.0,0,0,0,0,0.0
448,889,655867288913969162,bananaabread,08/19/2022 8:03 PM,wuv â¤ï¸,0,5,16,2.4,2,0,0,1,0.0
449,891,655867288913969162,bananaabread,08/19/2022 8:03 PM,,0,2,4,1.5,1,0,0,1,0.0
450,893,655867288913969162,bananaabread,08/21/2022 9:18 PM,pick phone,0,4,17,3.5,0,0,0,4,0.0
451,894,655867288913969162,bananaabread,08/21/2022 9:19 PM,,0,1,5,5.0,0,0,0,1,0.0
452,895,655867288913969162,bananaabread,08/21/2022 9:19 PM,brenaaaaaaaaaaaa,0,1,16,16.0,0,0,0,1,0.0
453,898,655867288913969162,bananaabread,08/21/2022 9:31 PM,thats say,0,6,23,3.0,4,0,0,0,0.0
454,899,655867288913969162,bananaabread,08/21/2022 9:47 PM,nooooooo,0,1,8,8.0,0,0,0,1,0.0
455,900,655867288913969162,bananaabread,08/21/2022 9:48 PM,even beanie man without beanie ğŸ˜”,0,9,41,3.6666666666666665,2,0,0,0,0.0
456,903,655867288913969162,bananaabread,08/21/2022 10:40 PM,lmlamammalmlamalma,0,1,18,18.0,0,0,0,1,0.0
457,904,655867288913969162,bananaabread,08/21/2022 10:52 PM,,0,3,12,3.333333333333333,0,0,0,3,0.0
458,905,655867288913969162,bananaabread,08/21/2022 11:13 PM,small,0,3,12,3.333333333333333,0,0,0,3,-0.25
459,906,655867288913969162,bananaabread,08/21/2022 11:15 PM,look one place soul,0,8,38,3.875,3,0,0,0,0.0
460,907,655867288913969162,bananaabread,08/21/2022 11:24 PM,hiiiiiiii,0,1,9,9.0,0,0,0,0,0.0
461,909,655867288913969162,bananaabread,08/21/2022 11:24 PM,dont deserve hi,0,5,21,3.4,2,0,0,0,0.0
462,910,655867288913969162,bananaabread,08/21/2022 11:24 PM,byeeeeeee,0,1,9,9.0,0,0,0,0,0.0
463,912,655867288913969162,bananaabread,08/21/2022 11:25 PM,u(uouuuouou,0,1,11,11.0,0,0,0,1,0.0
464,913,655867288913969162,bananaabread,08/21/2022 11:25 PM,khhhkkhshsv,0,1,11,11.0,0,0,0,1,0.0
465,918,655867288913969162,bananaabread,08/21/2022 11:30 PM,,0,1,4,4.0,1,0,0,0,0.0
466,919,655867288913969162,bananaabread,08/22/2022 9:27 PM,check phone,0,3,16,4.666666666666667,0,0,0,3,0.0
467,920,655867288913969162,bananaabread,08/22/2022 9:34 PM,wow papi said take place thats crazy,0,11,52,3.8181818181818175,4,0,0,0,-0.25
468,925,655867288913969162,bananaabread,09/05/2022 2:33 PM,get rid,0,6,21,2.6666666666666665,0,0,0,6,0.0
469,928,655867288913969162,bananaabread,09/06/2022 4:58 PM,happy borthdayayya,0,2,18,8.5,0,0,0,2,0.8
470,932,655867288913969162,bananaabread,09/06/2022 4:59 PM,itâ€™s uneventful ğŸ¥±,0,4,21,4.5,1,0,0,0,0.0
471,936,655867288913969162,bananaabread,09/06/2022 4:59 PM,act nice first day switch,0,15,67,3.533333333333333,9,0,0,0,0.425
472,939,655867288913969162,bananaabread,09/06/2022 5:00 PM,m patel,0,4,16,3.25,1,0,0,0,0.0
473,941,655867288913969162,bananaabread,09/06/2022 5:00 PM,ğŸ‰,0,3,11,3.0,1,0,0,0,0.0
474,944,655867288913969162,bananaabread,09/11/2022 12:53 PM,hola,0,1,4,4.0,0,0,0,0,0.0
475,946,655867288913969162,bananaabread,09/11/2022 12:54 PM,wait,0,1,4,4.0,0,0,0,1,0.0
476,950,655867288913969162,bananaabread,09/11/2022 1:03 PM,idea,0,5,19,3.0,4,0,0,0,0.0
477,951,655867288913969162,bananaabread,09/11/2022 1:04 PM,idea,0,5,19,3.0,0,0,0,5,0.0
478,954,655867288913969162,bananaabread,09/11/2022 1:08 PM,wowwwww,0,1,7,7.0,0,0,0,0,0.0
479,959,655867288913969162,bananaabread,09/11/2022 1:12 PM,queen elizabeth isnt real,0,4,25,5.5,0,0,0,0,0.2
480,961,655867288913969162,bananaabread,09/11/2022 1:13 PM,yo mama,0,2,7,3.0,0,0,0,0,0.0
481,964,655867288913969162,bananaabread,09/11/2022 3:28 PM,si,0,1,2,2.0,0,0,0,0,0.0
482,966,655867288913969162,bananaabread,09/11/2022 3:29 PM,phone,0,5,20,3.2,0,0,0,5,0.0
483,968,655867288913969162,bananaabread,09/11/2022 3:29 PM,slow,0,4,18,3.75,3,0,0,0,-0.30000000000000004
484,969,655867288913969162,bananaabread,09/11/2022 3:30 PM,em,0,2,7,3.0,0,0,0,2,0.0
485,970,655867288913969162,bananaabread,09/11/2022 3:30 PM,,0,1,2,2.0,0,0,0,1,0.0
486,976,655867288913969162,bananaabread,09/14/2022 7:09 PM,,0,1,5,5.0,0,0,0,1,0.0
487,978,655867288913969162,bananaabread,09/14/2022 7:09 PM,ever pep rally,0,8,33,3.25,4,0,0,0,0.0
488,980,655867288913969162,bananaabread,09/14/2022 7:09 PM,fun,0,3,9,2.333333333333333,1,0,0,0,0.3
489,983,655867288913969162,bananaabread,09/14/2022 7:11 PM,input,0,6,29,4.0,4,0,0,0,0.0
490,984,655867288913969162,bananaabread,09/14/2022 7:11 PM,stop,0,1,4,4.0,0,0,0,1,0.0
491,985,655867288913969162,bananaabread,09/14/2022 7:11 PM,input,0,5,24,4.0,3,0,0,0,0.0
492,988,655867288913969162,bananaabread,09/14/2022 7:11 PM,stop,0,1,4,4.0,0,0,0,1,0.0
493,989,655867288913969162,bananaabread,09/14/2022 7:11 PM,idek,0,1,4,4.0,0,0,0,0,0.0
494,994,655867288913969162,bananaabread,09/14/2022 7:11 PM,,0,1,3,3.0,0,0,0,1,0.0
495,998,655867288913969162,bananaabread,09/14/2022 7:12 PM,ğŸ˜™ğŸ˜™,0,1,2,2.0,0,0,0,0,0.0
496,1000,655867288913969162,bananaabread,09/14/2022 10:54 PM,ğŸ˜’ğŸ˜’,0,2,5,2.0,0,0,0,0,0.0
497,1002,655867288913969162,bananaabread,09/22/2022 9:12 PM,habla ingles,0,3,15,4.333333333333333,0,0,0,0,0.0
498,1003,655867288913969162,bananaabread,09/22/2022 9:13 PM,el hombre del saco estÃ¡ detrÃ¡s de ti,0,8,36,3.625,0,0,0,0,0.0
499,1004,655867288913969162,bananaabread,09/22/2022 9:29 PM,respond,0,1,7,7.0,0,0,0,0,0.0
500,1005,655867288913969162,bananaabread,09/22/2022 9:29 PM,responder,0,1,9,9.0,0,0,0,0,0.0
501,1006,655867288913969162,bananaabread,09/22/2022 9:29 PM,habla ingles,0,3,15,4.333333333333333,1,0,0,0,0.0
502,1007,655867288913969162,bananaabread,09/22/2022 9:33 PM,por que,0,2,7,3.0,0,0,0,0,0.0
503,1008,655867288913969162,bananaabread,09/22/2022 9:33 PM,por que,0,2,7,3.0,0,0,0,0,0.0
504,1009,655867288913969162,bananaabread,09/22/2022 9:33 PM,por que,0,2,7,3.0,0,0,0,0,0.0
505,1015,655867288913969162,bananaabread,09/22/2022 9:45 PM,Â¿sabÃ­as que amo dazai?,0,5,24,4.0,1,0,0,0,0.0
506,1016,655867288913969162,bananaabread,09/22/2022 9:45 PM,te amo,0,2,6,2.5,0,0,0,0,0.0
507,1017,655867288913969162,bananaabread,09/22/2022 9:47 PM,sentimiento: aburrida ğŸ˜ğŸ˜ğŸ˜”ğŸ˜”,0,3,26,8.0,0,0,0,0,0.0
508,1019,655867288913969162,bananaabread,09/22/2022 9:50 PM,gonna record silence listen itâ€™s noisy,0,11,58,4.363636363636363,4,0,0,0,0.0
509,1021,655867288913969162,bananaabread,10/12/2022 9:39 PM,,0,1,5,5.0,0,0,0,0,0.0
510,1024,655867288913969162,bananaabread,10/12/2022 9:40 PM,gonna tickle booty,0,5,27,4.6,1,0,0,0,0.0
511,1027,655867288913969162,bananaabread,10/12/2022 9:41 PM,,0,1,2,2.0,0,0,0,1,0.0
512,1028,655867288913969162,bananaabread,10/12/2022 9:41 PM,explanation needed,0,3,21,6.333333333333333,0,0,0,3,0.0
513,1031,655867288913969162,bananaabread,10/12/2022 9:41 PM,,0,2,7,3.0,1,0,0,0,0.0
514,1032,655867288913969162,bananaabread,10/12/2022 9:41 PM,actually,0,1,8,8.0,0,0,0,1,0.0
515,1033,655867288913969162,bananaabread,10/12/2022 9:41 PM,hmmmm,0,1,5,5.0,0,0,0,1,0.0
516,1034,655867288913969162,bananaabread,10/12/2022 9:42 PM,hmmmmmm,0,1,7,7.0,0,0,0,1,0.0
517,1035,655867288913969162,bananaabread,10/12/2022 9:42 PM,,0,4,16,3.25,1,0,0,0,0.0
518,1037,655867288913969162,bananaabread,10/12/2022 9:42 PM,neow,0,1,4,4.0,0,0,0,1,0.0
519,1040,655867288913969162,bananaabread,10/12/2022 10:40 PM,,0,1,4,4.0,0,0,0,1,0.0
520,1048,655867288913969162,bananaabread,10/15/2022 7:10 PM,,0,1,5,5.0,0,0,0,0,0.0
521,1049,655867288913969162,bananaabread,10/15/2022 7:10 PM,,0,1,5,5.0,0,0,0,1,0.0
522,1050,655867288913969162,bananaabread,10/15/2022 7:11 PM,brÃ«na,0,1,5,5.0,0,0,0,1,0.0
523,1051,655867288913969162,bananaabread,10/15/2022 7:12 PM,come tell something really really important,0,11,63,4.818181818181818,3,0,0,1,0.4
524,1052,655867288913969162,bananaabread,10/15/2022 7:12 PM,@breanna,0,1,8,8.0,0,0,0,0,0.0
525,1053,655867288913969162,bananaabread,10/15/2022 7:12 PM,@breanna,0,1,8,8.0,0,0,0,0,0.0
526,1056,655867288913969162,bananaabread,10/15/2022 7:17 PM,hi,0,1,2,2.0,0,0,0,1,0.0
527,1058,655867288913969162,bananaabread,10/15/2022 7:17 PM,,0,1,2,2.0,0,0,0,0,0.0
528,1059,655867288913969162,bananaabread,10/15/2022 7:17 PM,,0,1,5,5.0,0,0,0,0,0.0
529,1061,655867288913969162,bananaabread,10/15/2022 7:18 PM,tell something extremely devastating,0,8,50,5.375,3,0,0,1,-1.0
530,1062,655867288913969162,bananaabread,10/15/2022 7:18 PM,promise cry,0,4,18,3.75,2,0,0,0,0.0
531,1064,655867288913969162,bananaabread,10/15/2022 7:18 PM,u,0,3,9,2.333333333333333,1,0,0,0,0.0
532,1066,655867288913969162,bananaabread,10/15/2022 7:18 PM,ğŸ˜,0,1,1,1.0,0,0,0,0,0.0
533,1067,655867288913969162,bananaabread,10/15/2022 7:18 PM,promise,0,2,13,6.0,0,0,0,2,0.0
534,1071,655867288913969162,bananaabread,10/15/2022 7:19 PM,know king sized kit kat waiting perfect moment eat,0,17,79,3.7058823529411766,7,0,0,1,1.0
535,1074,655867288913969162,bananaabread,10/15/2022 7:19 PM,kayla ate ğŸ˜­ğŸ˜­ğŸ˜ğŸ˜,0,4,17,3.5,1,0,0,0,0.0
536,1077,655867288913969162,bananaabread,10/15/2022 7:20 PM,,0,1,5,5.0,0,0,0,1,0.0
537,1079,655867288913969162,bananaabread,10/15/2022 7:20 PM,sad,0,3,9,2.333333333333333,0,0,0,3,-0.5
538,1083,655867288913969162,bananaabread,10/15/2022 7:20 PM,didnt even leave peice,0,7,31,3.571428571428572,0,0,0,7,0.0
539,1084,655867288913969162,bananaabread,10/15/2022 7:20 PM,said wasnt gonna eat anyway,0,9,40,3.555555555555556,0,0,0,9,0.0
540,1087,655867288913969162,bananaabread,10/15/2022 7:20 PM,maybe,0,1,5,5.0,0,0,0,1,0.0
541,1092,655867288913969162,bananaabread,10/15/2022 7:21 PM,shesalal,0,1,8,8.0,0,0,0,1,0.0
542,1093,655867288913969162,bananaabread,10/15/2022 7:21 PM,alallalagehe,0,1,12,12.0,0,0,0,1,0.0
543,1101,655867288913969162,bananaabread,10/15/2022 7:21 PM,ğŸ˜”ğŸ˜”,0,3,12,3.333333333333333,1,0,0,0,0.0
544,1102,655867288913969162,bananaabread,10/15/2022 7:21 PM,rip,0,1,3,3.0,0,0,0,0,0.0
545,1106,655867288913969162,bananaabread,10/18/2022 6:38 PM,brennaa,0,1,7,7.0,0,0,0,0,0.0
546,1107,655867288913969162,bananaabread,10/18/2022 6:38 PM,ik right,0,3,12,3.333333333333333,0,0,0,0,0.2857142857142857
547,1108,655867288913969162,bananaabread,10/18/2022 6:38 PM,let,0,4,15,3.0,2,0,0,0,0.0
548,1109,655867288913969162,bananaabread,10/18/2022 6:38 PM,let,0,4,15,3.0,2,0,0,0,0.0
549,1111,655867288913969162,bananaabread,10/18/2022 6:38 PM,,0,2,7,3.0,1,0,0,0,0.0
550,1113,655867288913969162,bananaabread,10/25/2022 7:59 PM,hola nino,0,2,9,4.0,0,0,0,0,0.0
551,1115,655867288913969162,bananaabread,10/25/2022 7:59 PM,weym english,0,2,12,5.5,0,0,0,2,0.0
552,1117,655867288913969162,bananaabread,10/25/2022 8:00 PM,english,0,3,14,4.0,0,0,0,3,0.0
553,1119,655867288913969162,bananaabread,10/25/2022 8:00 PM,oh mi god,0,3,9,2.333333333333333,0,0,0,3,0.0
554,1120,655867288913969162,bananaabread,10/25/2022 8:00 PM,didnt watch english,0,7,30,3.4285714285714284,0,0,0,7,0.0
555,1123,655867288913969162,bananaabread,10/25/2022 8:05 PM,boy even,0,5,22,3.6,0,0,0,5,0.0
556,1124,655867288913969162,bananaabread,10/25/2022 8:05 PM,send link,0,2,9,4.0,0,0,0,2,0.0
557,1127,655867288913969162,bananaabread,10/25/2022 8:06 PM,scared,0,2,9,4.0,0,0,0,2,0.0
558,1129,655867288913969162,bananaabread,10/25/2022 8:07 PM,,0,1,3,3.0,0,0,0,1,0.0
559,1130,655867288913969162,bananaabread,10/25/2022 8:07 PM,shush,0,2,8,3.5,0,0,0,2,0.0
560,1132,655867288913969162,bananaabread,10/25/2022 8:08 PM,stop,0,1,4,4.0,0,0,0,1,0.0
561,1133,655867288913969162,bananaabread,10/25/2022 8:08 PM,,0,1,2,2.0,0,0,0,1,0.0
562,1134,655867288913969162,bananaabread,10/25/2022 8:08 PM,sound normal ig,0,4,19,4.0,0,0,0,4,0.275
563,1137,655867288913969162,bananaabread,11/05/2022 11:46 PM,,0,1,4,4.0,0,0,0,1,0.0
564,1138,655867288913969162,bananaabread,11/05/2022 11:53 PM,poster,0,2,11,5.0,0,0,0,2,0.0
565,1139,655867288913969162,bananaabread,11/05/2022 11:53 PM,wake,0,2,7,3.0,0,0,0,2,0.0
566,1141,655867288913969162,bananaabread,11/05/2022 11:59 PM,poster,0,2,11,5.0,0,0,0,2,0.0
567,1144,655867288913969162,bananaabread,11/06/2022 12:00 AM,hello get,0,6,28,3.8333333333333335,0,0,0,6,0.0
568,1147,655867288913969162,bananaabread,11/06/2022 12:01 AM,forgot,0,4,19,4.0,0,0,0,4,0.0
569,1150,655867288913969162,bananaabread,11/06/2022 12:01 AM,want,0,3,11,3.0,0,0,0,3,0.0
570,1152,655867288913969162,bananaabread,11/06/2022 12:02 AM,wdym sure,0,4,14,2.75,0,0,0,4,0.5
571,1154,655867288913969162,bananaabread,11/06/2022 12:02 AM,,0,1,3,3.0,0,0,0,1,0.0
572,1157,655867288913969162,bananaabread,11/06/2022 12:03 AM,donâ€™t remember make pasta everyday come,0,15,76,4.133333333333334,8,0,0,0,-0.2
573,1161,655867288913969162,bananaabread,12/02/2022 3:01 PM,,0,1,3,3.0,0,0,0,1,0.0
574,1162,655867288913969162,bananaabread,12/02/2022 3:01 PM,need practice drama,0,7,33,3.857142857142857,4,0,0,0,0.0
575,1165,655867288913969162,bananaabread,12/02/2022 3:01 PM,boy free weekend,0,5,24,4.0,1,0,0,0,0.4
576,1168,655867288913969162,bananaabread,12/02/2022 3:02 PM,life,0,4,13,2.5,0,0,0,4,0.0
577,1170,655867288913969162,bananaabread,12/02/2022 3:02 PM,,0,1,3,3.0,0,0,0,0,0.0
578,1171,655867288913969162,bananaabread,12/02/2022 3:02 PM,,0,1,2,2.0,0,0,0,0,0.0
579,1174,655867288913969162,bananaabread,12/02/2022 3:02 PM,,0,1,3,3.0,0,0,0,1,0.0
580,1176,655867288913969162,bananaabread,12/02/2022 3:02 PM,cuz,0,3,9,2.333333333333333,0,0,0,3,0.0
581,1181,655867288913969162,bananaabread,12/02/2022 3:03 PM,okurr,0,1,5,5.0,0,0,0,0,0.0
582,1183,655867288913969162,bananaabread,12/02/2022 3:03 PM,,0,2,9,4.0,1,0,0,0,0.0
583,1185,655867288913969162,bananaabread,12/02/2022 3:03 PM,worked really hard,0,6,27,3.6666666666666665,2,0,0,1,-0.2916666666666667
584,1187,655867288913969162,bananaabread,12/02/2022 3:07 PM,,0,2,6,2.5,1,0,0,0,0.0
585,1195,655867288913969162,bananaabread,12/03/2022 8:44 PM,anniversary,0,6,28,3.8333333333333335,4,0,0,0,0.0
586,1196,655867288913969162,bananaabread,12/03/2022 8:45 PM,rizz,0,1,4,4.0,0,0,0,0,0.0
587,1225,655867288913969162,bananaabread,12/09/2022 3:01 PM,mid evil time,0,3,14,4.0,0,0,0,0,-0.5
588,1228,655867288913969162,bananaabread,12/09/2022 3:03 PM,today,0,4,17,3.5,0,0,0,4,0.0
589,1231,655867288913969162,bananaabread,12/09/2022 3:04 PM,,0,1,2,2.0,0,0,0,1,0.0
590,1232,655867288913969162,bananaabread,12/09/2022 8:51 PM,go,0,1,2,2.0,0,0,0,1,0.0
591,1233,655867288913969162,bananaabread,12/09/2022 8:51 PM,gi,0,1,2,2.0,0,0,0,1,0.0
592,1234,655867288913969162,bananaabread,12/09/2022 8:51 PM,go,0,1,2,2.0,0,0,0,1,0.0
593,1244,655867288913969162,bananaabread,12/17/2022 1:25 PM,lowkey wanna malificent,0,4,26,5.75,1,0,0,0,0.0
594,1245,655867288913969162,bananaabread,12/17/2022 1:25 PM,replacing someone charcater thing maleificant,0,9,58,5.555555555555555,0,0,0,9,0.0
595,1249,655867288913969162,bananaabread,12/17/2022 1:38 PM,changed realized potential,0,9,47,4.333333333333333,0,0,0,9,0.0
596,1250,655867288913969162,bananaabread,12/17/2022 1:38 PM,,0,2,7,3.0,0,0,0,2,0.0
597,1251,655867288913969162,bananaabread,12/17/2022 1:38 PM,probably fairy godmother daughter,0,4,34,7.75,0,0,0,4,0.0
598,1252,655867288913969162,bananaabread,12/17/2022 1:39 PM,2 day,0,4,13,2.5,0,0,1,3,0.0
599,1255,655867288913969162,bananaabread,12/17/2022 1:40 PM,,0,1,3,3.0,0,0,0,1,0.0
600,1257,655867288913969162,bananaabread,12/17/2022 1:40 PM,,0,1,3,3.0,0,0,0,1,0.0
601,1260,655867288913969162,bananaabread,12/17/2022 1:40 PM,,0,1,2,2.0,0,0,0,1,0.0
602,1262,655867288913969162,bananaabread,12/17/2022 1:41 PM,,0,1,4,4.0,0,0,0,1,0.0
603,1264,655867288913969162,bananaabread,12/17/2022 1:41 PM,ğŸ˜”,0,1,1,1.0,0,0,0,0,0.0
604,1266,655867288913969162,bananaabread,12/17/2022 1:41 PM,ğŸ˜˜,0,1,1,1.0,0,0,0,0,0.0
605,1269,655867288913969162,bananaabread,12/17/2022 5:16 PM,traitor,0,1,7,7.0,0,0,0,0,0.0
606,1271,655867288913969162,bananaabread,12/17/2022 5:22 PM,tell lowk hungry,0,5,23,3.8,1,0,0,0,0.0
607,1273,655867288913969162,bananaabread,12/17/2022 5:34 PM,cutely wait phonecall,0,4,26,5.75,1,0,0,0,0.5
608,1277,655867288913969162,bananaabread,12/17/2022 5:35 PM,acting cant pee time,0,11,50,3.636363636363636,5,0,0,0,0.0
609,1278,655867288913969162,bananaabread,12/17/2022 5:36 PM,go pee,0,2,6,2.5,0,0,0,2,0.0
610,1284,655867288913969162,bananaabread,12/19/2022 4:58 PM,wake upp,0,2,8,3.5,0,0,0,2,0.0
611,1292,655867288913969162,bananaabread,12/26/2022 11:11 PM,actually playing,0,4,24,5.25,0,0,0,4,0.0
612,1294,655867288913969162,bananaabread,12/26/2022 11:12 PM,,0,1,4,4.0,0,0,0,1,0.0
613,1296,655867288913969162,bananaabread,12/26/2022 11:12 PM,phone,0,1,5,5.0,0,0,0,1,0.0
614,1302,655867288913969162,bananaabread,12/27/2022 4:08 PM,,0,1,3,3.0,0,0,0,0,0.0
615,1314,655867288913969162,bananaabread,01/05/2023 6:41 PM,ay,0,1,2,2.0,0,0,0,1,0.0
616,1315,655867288913969162,bananaabread,01/05/2023 6:41 PM,stop playing cat game,0,5,26,4.4,0,0,0,5,-0.4
617,1318,655867288913969162,bananaabread,01/05/2023 6:59 PM,didnt even give chance respond,0,10,47,3.8,0,0,0,10,0.0
618,1321,655867288913969162,bananaabread,01/05/2023 9:49 PM,,0,1,5,5.0,0,0,0,0,0.0
619,1323,655867288913969162,bananaabread,01/05/2023 9:49 PM,,0,1,3,3.0,0,0,0,0,0.0
620,1324,655867288913969162,bananaabread,01/05/2023 9:49 PM,leg vibrating,0,4,21,4.5,1,0,0,0,0.0
621,1327,655867288913969162,bananaabread,01/05/2023 9:49 PM,,0,2,9,4.0,0,0,0,0,0.0
622,1330,655867288913969162,bananaabread,01/05/2023 9:50 PM,iâ€™ll tell said,0,8,38,3.875,4,0,0,0,0.0
623,1333,655867288913969162,bananaabread,01/05/2023 9:50 PM,uhhh,0,2,9,4.0,0,0,0,0,0.0
624,1335,655867288913969162,bananaabread,01/05/2023 9:50 PM,weâ€™re going hotel,0,5,22,3.6,2,0,0,0,0.0
625,1338,655867288913969162,bananaabread,01/05/2023 9:51 PM,one told anything either ğŸ˜”ğŸ˜”,0,7,33,3.857142857142857,0,0,0,6,0.0
626,1340,655867288913969162,bananaabread,01/05/2023 9:51 PM,heartbroken,0,1,11,11.0,0,0,0,1,0.0
627,1341,655867288913969162,bananaabread,01/05/2023 9:51 PM,got told yesterday mom,0,7,32,3.7142857142857135,0,0,0,7,0.0
628,1344,655867288913969162,bananaabread,01/05/2023 9:52 PM,said itâ€™s closer house dad want check worker guy closed garage locked door also said itâ€™s cuz donâ€™t want u ğŸ˜¤,0,36,178,3.9722222222222223,14,0,0,0,-0.1
629,1345,655867288913969162,bananaabread,01/05/2023 9:53 PM,dad said next weekend heâ€™s forcing come,0,12,60,4.083333333333333,4,0,0,0,0.0
630,1346,655867288913969162,bananaabread,01/05/2023 9:53 PM,l,0,1,1,1.0,0,0,0,1,0.0
631,1348,655867288913969162,bananaabread,01/05/2023 9:53 PM,ay thats said,0,7,30,3.4285714285714284,0,0,0,7,0.0
632,1350,655867288913969162,bananaabread,01/05/2023 9:53 PM,,0,4,12,2.25,0,0,0,4,0.0
633,1352,655867288913969162,bananaabread,01/05/2023 9:54 PM,,0,4,17,3.5,0,0,0,4,0.0
634,1355,655867288913969162,bananaabread,01/05/2023 9:54 PM,week basically done trust,0,8,39,4.0,0,0,0,8,0.0
635,1358,655867288913969162,bananaabread,01/05/2023 9:54 PM,family,0,3,15,4.333333333333333,0,0,0,3,0.0
636,1363,655867288913969162,bananaabread,01/05/2023 9:55 PM,school 3,0,6,25,3.333333333333333,0,0,1,5,0.0
637,1364,655867288913969162,bananaabread,01/05/2023 9:55 PM,asleep,0,4,22,4.75,0,0,0,4,0.0
638,1365,655867288913969162,bananaabread,01/05/2023 9:55 PM,wdym,0,2,7,3.0,0,0,0,2,0.0
639,1368,655867288913969162,bananaabread,01/05/2023 9:56 PM,well together,0,3,16,4.666666666666667,0,0,0,3,0.0
640,1369,655867288913969162,bananaabread,01/05/2023 9:56 PM,screw homework,0,2,14,6.5,0,0,0,2,0.0
641,1373,655867288913969162,bananaabread,01/05/2023 9:57 PM,know,0,2,6,2.5,0,0,0,2,0.0
642,1374,655867288913969162,bananaabread,01/05/2023 9:57 PM,okay,0,2,8,3.5,0,0,0,2,0.5
643,1377,655867288913969162,bananaabread,01/05/2023 9:58 PM,bye wonâ€™t hear officially leaving officially done decide youâ€™re coming talk hurt heart much,0,33,171,4.212121212121212,15,0,0,1,0.2
644,1379,655867288913969162,bananaabread,01/05/2023 9:58 PM,ğŸ˜”ğŸ˜”ğŸ˜”ğŸ˜”ğŸ˜­ğŸ˜­ğŸ˜­ğŸ˜­ğŸ˜­ğŸ˜”ğŸ˜”ğŸ˜”ğŸ˜”ğŸ˜”ğŸ˜”ğŸ’”ğŸ’”ğŸ’”ğŸ’”ğŸ’”ğŸ’”,0,1,21,21.0,0,0,0,0,0.0
645,1399,655867288913969162,bananaabread,01/20/2023 9:26 PM,,0,1,5,5.0,0,0,0,0,0.0
646,1401,655867288913969162,bananaabread,01/20/2023 9:26 PM,,0,1,3,3.0,0,0,0,1,0.0
647,1404,655867288913969162,bananaabread,01/20/2023 9:26 PM,,0,2,6,2.5,0,0,0,2,0.0
648,1405,655867288913969162,bananaabread,01/20/2023 9:26 PM,,0,1,4,4.0,0,0,0,1,0.0
649,1428,655867288913969162,bananaabread,02/03/2023 10:05 PM,yw,0,1,2,2.0,0,0,0,0,0.0
650,1430,655867288913969162,bananaabread,02/04/2023 5:15 PM,,0,3,12,3.333333333333333,1,0,0,0,0.0
651,1431,655867288913969162,bananaabread,02/04/2023 5:15 PM,ğŸ¤¨,0,1,1,1.0,0,0,0,0,0.0
652,1434,655867288913969162,bananaabread,02/04/2023 5:15 PM,yw ğŸ˜,0,2,4,1.5,0,0,0,0,0.0
653,1436,655867288913969162,bananaabread,02/05/2023 10:30 PM,one understands,0,4,21,4.5,1,0,0,0,0.0
654,1446,655867288913969162,bananaabread,02/25/2023 1:52 PM,went back root,0,6,23,3.0,2,0,0,1,0.0
655,1447,655867288913969162,bananaabread,02/25/2023 1:53 PM,couldnt hold anymore,0,6,28,3.8333333333333335,2,0,0,1,0.0
656,1449,655867288913969162,bananaabread,02/25/2023 5:29 PM,,0,2,9,4.0,1,0,0,0,0.0
657,1450,655867288913969162,bananaabread,02/25/2023 5:29 PM,youre supporter,0,4,23,5.0,2,0,0,0,0.0
658,1451,655867288913969162,bananaabread,02/25/2023 5:29 PM,everyone else agianst,0,5,27,4.6,2,0,0,0,0.0
659,1455,655867288913969162,bananaabread,03/01/2023 8:05 PM,whatd,0,3,10,2.6666666666666665,1,0,0,1,0.0
660,1458,655867288913969162,bananaabread,03/05/2023 8:45 PM,hi,0,1,2,2.0,0,0,0,0,0.0
661,1460,655867288913969162,bananaabread,03/05/2023 8:45 PM,ğŸ˜¬ğŸ˜¬ğŸ˜¬,0,1,3,3.0,0,0,0,0,0.0
662,1462,655867288913969162,bananaabread,03/05/2023 8:47 PM,"hehe...yeah.... sory , didnt see .",0,9,46,4.222222222222222,3,0,0,0,0.0
663,1464,655867288913969162,bananaabread,03/05/2023 8:48 PM,,0,1,2,2.0,0,0,0,1,0.0
664,1469,655867288913969162,bananaabread,03/26/2023 11:08 PM,hi,0,1,2,2.0,0,0,0,0,0.0
665,1474,655867288913969162,bananaabread,03/26/2023 11:09 PM,np ğŸ˜˜,0,2,4,1.5,0,0,0,0,0.0
666,1475,655867288913969162,bananaabread,03/30/2023 8:48 PM,hi,0,1,2,2.0,0,0,0,0,0.0
667,1478,655867288913969162,bananaabread,03/31/2023 7:04 PM,ğŸ˜˜,0,1,1,1.0,0,0,0,0,0.0
668,1480,655867288913969162,bananaabread,04/10/2023 1:48 AM,,0,1,2,2.0,0,0,0,1,0.0
669,1484,655867288913969162,bananaabread,04/18/2023 10:22 PM,slam wall anyday,0,8,33,3.25,4,0,0,0,0.0
670,1485,655867288913969162,bananaabread,04/18/2023 10:25 PM,used baby,0,6,20,2.5,3,0,0,1,0.0
671,1487,655867288913969162,bananaabread,04/18/2023 10:33 PM,girl,0,3,13,3.6666666666666665,0,0,0,3,0.0
672,1488,655867288913969162,bananaabread,04/18/2023 10:33 PM,among,0,6,23,3.0,0,0,0,6,0.0
673,1489,655867288913969162,bananaabread,04/18/2023 10:33 PM,tahhahah,0,1,8,8.0,0,0,0,1,0.0
674,1490,655867288913969162,bananaabread,04/18/2023 10:33 PM,ruhuhuhhuhaa,0,1,12,12.0,0,0,0,1,0.0
675,1493,655867288913969162,bananaabread,04/18/2023 10:47 PM,going lock basement escape tie ti chair drain juice proceed cut throw blender drink pathetic remains,0,42,196,3.690476190476191,25,0,0,0,-1.0
676,1494,655867288913969162,bananaabread,04/18/2023 10:51 PM,https://www.tiktok.com/t/ztrtjs3hp/ fr,0,5,49,9.0,3,0,0,0,0.0
677,1495,655867288913969162,bananaabread,04/20/2023 11:29 PM,https://youtu.be/jgt6efqnidc help making fun kid,0,8,62,6.875,2,0,0,0,0.3
678,1496,655867288913969162,bananaabread,04/20/2023 11:30 PM,malifeng better,0,5,28,4.8,0,0,0,5,0.5
679,1497,655867288913969162,bananaabread,04/20/2023 11:30 PM,sound dry,0,3,13,3.6666666666666665,0,0,0,0,0.16666666666666669
680,1501,655867288913969162,bananaabread,04/24/2023 9:33 PM,hi,0,1,2,2.0,0,0,0,0,0.0
681,1503,655867288913969162,bananaabread,04/24/2023 10:04 PM,looking goofy photo send somehow ended scrolling dazai pin pinterest,0,21,109,4.238095238095238,10,0,0,1,0.5
682,1506,655867288913969162,bananaabread,04/24/2023 10:05 PM,lmakak,0,1,6,6.0,0,0,0,1,0.0
683,1508,655867288913969162,bananaabread,04/24/2023 10:05 PM,,0,1,2,2.0,0,0,0,1,0.0
684,1512,655867288913969162,bananaabread,04/27/2023 5:16 PM,watching oshi ko friend rn,0,9,40,3.555555555555556,0,0,0,9,0.0
685,1513,655867288913969162,bananaabread,04/27/2023 5:16 PM,didnt even,0,4,19,4.0,0,0,0,4,0.0
